donor_id,name,city,donation_frequency
D00001,Jin Garcia,Atlanta,Quarterly
D00002,Diego Johnson,Denver,Monthly
D00003,John Martinez,Dallas,Monthly
D00004,Diego Thomas,Miami,Annual
D00005,Fatima Brown,Dallas,One-time
D00006,Aisha Lopez,Denver,Monthly
D00007,Omar Smith,Dallas,Annual
D00008,Peter Rodriguez,Chicago,Semi-annual
D00009,Peter Johnson,Chicago,Semi-annual
D00010,Alice Garcia,Seattle,Semi-annual
D00011,John Thomas,Seattle,Quarterly
D00012,Zoe Jackson,Miami,Quarterly
D00013,Aisha Rodriguez,Denver,One-time
D00014,Nora Garcia,Denver,Monthly
D00015,Aisha Lopez,Miami,One-time
D00016,Leah Jackson,Seattle,Quarterly
D00017,Alice Lopez,Chicago,Annual
D00018,John Lopez,Miami,Quarterly
D00019,Jin Davis,Denver,Quarterly
D00020,Sara Jackson,Seattle,Quarterly
D00021,Ivy Miller,Chicago,Annual
D00022,Olga Taylor,Chicago,Annual
D00023,Leah Thomas,Atlanta,Annual
D00024,John Moore,Miami,Quarterly
D00025,Priya Moore,Chicago,Quarterly
D00026,Marcus Garcia,Dallas,One-time
D00027,Ivy Miller,Atlanta,One-time
D00028,Omar Brown,Miami,Monthly
D00029,Marcus Rodriguez,Miami,Semi-annual
D00030,Leah Garcia,Chicago,Monthly
D00031,Alice Miller,Seattle,Annual
D00032,Jin Martinez,Chicago,Quarterly
D00033,Marcus Jackson,Denver,Annual
D00034,Sara Martin,Denver,Monthly
D00035,Leah Moore,Denver,Semi-annual
D00036,Priya Thomas,Denver,Annual
D00037,Zoe Williams,Denver,Semi-annual
D00038,Caleb Lopez,Seattle,Semi-annual
D00039,Alice Smith,Dallas,Monthly
D00040,Priya Thomas,Miami,Semi-annual
D00041,Jin Thomas,Atlanta,Quarterly
D00042,Caleb Lopez,Chicago,Quarterly
D00043,David Garcia,Chicago,Annual
D00044,Fatima Moore,Seattle,Semi-annual
D00045,Priya Brown,Miami,One-time
D00046,Caleb Jones,Seattle,Monthly
D00047,Peter Wilson,Atlanta,Quarterly
D00048,Zoe Martinez,Atlanta,Monthly
D00049,Alice Garcia,Chicago,Annual
D00050,Leah Davis,Denver,Annual
D00051,Nora Martin,Seattle,Semi-annual
D00052,Diego Gonzalez,Chicago,One-time
D00053,Peter Lopez,Miami,Quarterly
D00054,Nora Johnson,Denver,Quarterly
D00055,Diego Moore,Seattle,Quarterly
D00056,Peter Thomas,Miami,Quarterly
D00057,Olga Martinez,Seattle,Monthly
D00058,John Martinez,Denver,Quarterly
D00059,Jin Miller,Dallas,Annual
D00060,Priya Martinez,Denver,Semi-annual
D00061,Zoe Garcia,Dallas,Monthly
D00062,Fatima Gonzalez,Denver,Annual
D00063,Fatima Jones,Atlanta,Annual
D00064,Omar Hernandez,Atlanta,One-time
D00065,Caleb Brown,Chicago,One-time
D00066,Alice Moore,Denver,Annual
D00067,Marcus Lopez,Seattle,Semi-annual
D00068,Priya Hernandez,Dallas,Quarterly
D00069,Aisha Anderson,Denver,Semi-annual
D00070,Peter Davis,Dallas,Quarterly
D00071,John Martin,Miami,Annual
D00072,Diego Anderson,Dallas,Annual
D00073,Aisha Martin,Seattle,Annual
D00074,Neil Rodriguez,Chicago,Monthly
D00075,Caleb Brown,Miami,One-time
D00076,Zoe Martin,Chicago,Monthly
D00077,Zoe Smith,Denver,Semi-annual
D00078,Zoe Jackson,Chicago,Annual
D00079,Zoe Taylor,Denver,Semi-annual
D00080,Peter Miller,Seattle,Annual
D00081,Jin Gonzalez,Miami,Quarterly
D00082,Nora Miller,Seattle,Annual
D00083,Zoe Jackson,Miami,One-time
D00084,David Jones,Atlanta,Semi-annual
D00085,Ivy Wilson,Seattle,Monthly
D00086,Peter Rodriguez,Seattle,Monthly
D00087,Omar Jones,Seattle,Semi-annual
D00088,Neil Martin,Seattle,One-time
D00089,Olga Wilson,Chicago,Annual
D00090,Priya Smith,Atlanta,Annual
D00091,Diego Gonzalez,Dallas,Quarterly
D00092,David Garcia,Seattle,Annual
D00093,Nora Gonzalez,Miami,Annual
D00094,Leah Davis,Atlanta,Semi-annual
D00095,Caleb Moore,Seattle,Quarterly
D00096,Ivy Martin,Chicago,Quarterly
D00097,Marcus Wilson,Chicago,Semi-annual
D00098,Ravi Martin,Denver,One-time
D00099,Neil Miller,Denver,Semi-annual
D00100,Ravi Garcia,Denver,One-time
D00101,Aisha Lopez,Atlanta,One-time
D00102,Sara Davis,Miami,Annual
D00103,Marcus Rodriguez,Chicago,Annual
D00104,Nora Anderson,Miami,One-time
D00105,Marcus Jones,Seattle,Quarterly
D00106,Fatima Davis,Dallas,Quarterly
D00107,Omar Wilson,Miami,Semi-annual
D00108,Alice Anderson,Miami,Annual
D00109,Zoe Garcia,Chicago,Annual
D00110,Diego Lopez,Atlanta,Semi-annual
D00111,Aisha Hernandez,Dallas,Quarterly
D00112,Priya Johnson,Miami,Quarterly
D00113,Omar Jackson,Dallas,Annual
D00114,Zoe Jones,Miami,One-time
D00115,Sara Lopez,Dallas,Semi-annual
D00116,Olga Williams,Chicago,Quarterly
D00117,Nora Jackson,Denver,Quarterly
D00118,Jin Martinez,Atlanta,Quarterly
D00119,Fatima Brown,Miami,Quarterly
D00120,Leah Johnson,Atlanta,One-time
D00121,Marcus Taylor,Atlanta,Annual
D00122,Priya Gonzalez,Dallas,Annual
D00123,Neil Davis,Denver,Monthly
D00124,Caleb Hernandez,Miami,Annual
D00125,Diego Lopez,Miami,Quarterly
D00126,Aisha Williams,Dallas,One-time
D00127,Marcus Anderson,Dallas,Semi-annual
D00128,Ivy Gonzalez,Atlanta,Semi-annual
D00129,Peter Smith,Seattle,Quarterly
D00130,David Martin,Dallas,Annual
D00131,Nora Johnson,Miami,Quarterly
D00132,Peter Thomas,Chicago,Semi-annual
D00133,John Smith,Chicago,Monthly
D00134,Sara Jones,Denver,Semi-annual
D00135,Diego Wilson,Atlanta,Annual
D00136,Zoe Rodriguez,Seattle,Monthly
D00137,John Moore,Denver,Quarterly
D00138,Fatima Hernandez,Miami,Annual
D00139,Sara Anderson,Denver,Quarterly
D00140,Ravi Taylor,Dallas,Annual
D00141,Zoe Miller,Dallas,One-time
D00142,Diego Lopez,Chicago,Annual
D00143,Priya Moore,Atlanta,Quarterly
D00144,Diego Garcia,Miami,One-time
D00145,Aisha Rodriguez,Seattle,Monthly
D00146,Zoe Thomas,Dallas,Semi-annual
D00147,Fatima Moore,Miami,Annual
D00148,Aisha Hernandez,Miami,Quarterly
D00149,Alice Taylor,Atlanta,Semi-annual
D00150,Nora Gonzalez,Denver,Annual
D00151,Sara Moore,Atlanta,Annual
D00152,Zoe Martin,Dallas,One-time
D00153,Jin Miller,Denver,Semi-annual
D00154,Ravi Lopez,Atlanta,Semi-annual
D00155,Priya Johnson,Atlanta,Annual
D00156,Zoe Taylor,Miami,Quarterly
D00157,Priya Anderson,Miami,One-time
D00158,Sara Brown,Atlanta,Monthly
D00159,Diego Wilson,Denver,Annual
D00160,Ravi Johnson,Atlanta,Annual
D00161,Caleb Miller,Chicago,One-time
D00162,Fatima Johnson,Miami,Semi-annual
D00163,David Martin,Dallas,One-time
D00164,Marcus Miller,Chicago,One-time
D00165,Peter Williams,Atlanta,One-time
D00166,Aisha Gonzalez,Atlanta,One-time
D00167,Caleb Moore,Denver,Monthly
D00168,Aisha Johnson,Denver,One-time
D00169,John Rodriguez,Dallas,Annual
D00170,Nora Jackson,Seattle,Annual
D00171,Peter Rodriguez,Dallas,Monthly
D00172,Zoe Williams,Seattle,Semi-annual
D00173,Jin Hernandez,Chicago,Quarterly
D00174,Alice Jackson,Seattle,One-time
D00175,Olga Lopez,Chicago,Annual
D00176,Olga Gonzalez,Denver,One-time
D00177,Aisha Rodriguez,Miami,Semi-annual
D00178,Caleb Williams,Seattle,Quarterly
D00179,Olga Lopez,Chicago,One-time
D00180,John Lopez,Atlanta,Semi-annual
D00181,Aisha Taylor,Miami,Quarterly
D00182,Zoe Hernandez,Seattle,Semi-annual
D00183,Ivy Jackson,Seattle,One-time
D00184,Marcus Martinez,Atlanta,Quarterly
D00185,Caleb Taylor,Denver,Semi-annual
D00186,Peter Wilson,Seattle,Semi-annual
D00187,Omar Garcia,Denver,Quarterly
D00188,Neil Thomas,Denver,Annual
D00189,Alice Rodriguez,Chicago,Annual
D00190,Peter Garcia,Dallas,Annual
D00191,Peter Davis,Miami,Annual
D00192,Zoe Wilson,Chicago,One-time
D00193,Aisha Davis,Atlanta,Quarterly
D00194,Sara Thomas,Denver,Semi-annual
D00195,Omar Thomas,Miami,Annual
D00196,David Moore,Seattle,Semi-annual
D00197,Olga Garcia,Seattle,Monthly
D00198,Leah Miller,Atlanta,Semi-annual
D00199,Fatima Wilson,Chicago,Quarterly
D00200,Priya Smith,Miami,Annual
D00201,Caleb Rodriguez,Miami,One-time
D00202,Marcus Hernandez,Chicago,Monthly
D00203,Priya Wilson,Atlanta,Semi-annual
D00204,Caleb Jones,Miami,Annual
D00205,Jin Garcia,Atlanta,Quarterly
D00206,Omar Lopez,Dallas,Semi-annual
D00207,Ivy Garcia,Chicago,Annual
D00208,Diego Martin,Denver,Semi-annual
D00209,Olga Anderson,Atlanta,Monthly
D00210,John Anderson,Seattle,One-time
D00211,Jin Jackson,Dallas,Quarterly
D00212,Priya Gonzalez,Denver,One-time
D00213,Marcus Gonzalez,Atlanta,Semi-annual
D00214,Caleb Hernandez,Miami,Quarterly
D00215,Leah Moore,Denver,Semi-annual
D00216,Olga Jackson,Denver,One-time
D00217,Alice Williams,Seattle,One-time
D00218,Olga Gonzalez,Miami,Quarterly
D00219,Fatima Martin,Denver,Semi-annual
D00220,Aisha Moore,Denver,Monthly
D00221,David Hernandez,Atlanta,Semi-annual
D00222,David Gonzalez,Miami,Monthly
D00223,Nora Johnson,Miami,Quarterly
D00224,John Lopez,Seattle,One-time
D00225,Alice Moore,Miami,Semi-annual
D00226,Alice Rodriguez,Miami,Annual
D00227,Priya Rodriguez,Seattle,Semi-annual
D00228,Olga Davis,Chicago,Semi-annual
D00229,Alice Gonzalez,Chicago,One-time
D00230,Zoe Wilson,Dallas,Quarterly
D00231,Caleb Thomas,Atlanta,Quarterly
D00232,Alice Miller,Seattle,Semi-annual
D00233,David Davis,Chicago,Monthly
D00234,Peter Johnson,Denver,Quarterly
D00235,Sara Smith,Seattle,Monthly
D00236,Neil Thomas,Dallas,Monthly
D00237,David Smith,Chicago,Semi-annual
D00238,Aisha Rodriguez,Atlanta,Annual
D00239,Ivy Davis,Atlanta,Annual
D00240,Leah Brown,Chicago,Quarterly
D00241,Caleb Smith,Denver,Semi-annual
D00242,Jin Williams,Miami,Quarterly
D00243,Diego Miller,Dallas,Annual
D00244,Omar Gonzalez,Miami,One-time
D00245,Leah Smith,Atlanta,One-time
D00246,Ravi Johnson,Seattle,Semi-annual
D00247,Peter Johnson,Seattle,Semi-annual
D00248,Olga Lopez,Denver,Semi-annual
D00249,Ravi Brown,Dallas,Annual
D00250,Olga Anderson,Miami,Annual
D00251,Peter Miller,Atlanta,Semi-annual
D00252,Leah Thomas,Seattle,Semi-annual
D00253,Peter Taylor,Dallas,Semi-annual
D00254,Diego Johnson,Atlanta,Monthly
D00255,Peter Wilson,Chicago,One-time
D00256,Fatima Smith,Atlanta,Quarterly
D00257,Fatima Martinez,Seattle,Annual
D00258,Zoe Martin,Seattle,Quarterly
D00259,Omar Williams,Denver,Annual
D00260,Priya Jones,Chicago,Monthly
D00261,Zoe Garcia,Seattle,Monthly
D00262,Alice Rodriguez,Seattle,Monthly
D00263,Diego Davis,Dallas,Semi-annual
D00264,Ravi Garcia,Miami,One-time
D00265,Leah Martin,Chicago,Monthly
D00266,Aisha Miller,Seattle,Quarterly
D00267,Peter Jackson,Atlanta,Monthly
D00268,Diego Wilson,Seattle,Annual
D00269,Jin Anderson,Chicago,Semi-annual
D00270,Ivy Anderson,Miami,One-time
D00271,Neil Martin,Chicago,Monthly
D00272,Neil Anderson,Seattle,Semi-annual
D00273,Ravi Williams,Atlanta,Monthly
D00274,David Smith,Chicago,Quarterly
D00275,Ivy Gonzalez,Denver,Quarterly
D00276,Zoe Rodriguez,Atlanta,Semi-annual
D00277,Fatima Davis,Seattle,Annual
D00278,Ravi Jones,Seattle,Semi-annual
D00279,Nora Rodriguez,Denver,One-time
D00280,Sara Jones,Atlanta,Semi-annual
D00281,Peter Taylor,Dallas,One-time
D00282,Marcus Johnson,Seattle,Quarterly
D00283,Ivy Jones,Chicago,Semi-annual
D00284,Leah Smith,Dallas,Semi-annual
D00285,David Johnson,Seattle,Quarterly
D00286,Ivy Brown,Miami,One-time
D00287,Olga Anderson,Miami,One-time
D00288,Alice Brown,Seattle,Semi-annual
D00289,Fatima Gonzalez,Denver,Annual
D00290,Alice Rodriguez,Dallas,Quarterly
D00291,Leah Jackson,Dallas,Quarterly
D00292,Aisha Williams,Denver,Quarterly
D00293,Ivy Gonzalez,Seattle,Annual
D00294,Peter Smith,Atlanta,Annual
D00295,David Lopez,Seattle,One-time
D00296,Zoe Gonzalez,Chicago,Semi-annual
D00297,Ivy Garcia,Denver,Annual
D00298,Zoe Anderson,Atlanta,One-time
D00299,Diego Taylor,Atlanta,Quarterly
D00300,Zoe Thomas,Seattle,One-time
D00301,Fatima Hernandez,Seattle,Quarterly
D00302,David Taylor,Denver,Annual
D00303,Fatima Garcia,Atlanta,One-time
D00304,Omar Rodriguez,Seattle,Annual
D00305,Neil Johnson,Miami,Quarterly
D00306,Priya Wilson,Dallas,Monthly
D00307,Olga Martin,Miami,Annual
D00308,Marcus Jackson,Atlanta,Semi-annual
D00309,Peter Miller,Miami,Semi-annual
D00310,Omar Rodriguez,Chicago,Monthly
D00311,Caleb Moore,Miami,Semi-annual
D00312,Aisha Gonzalez,Atlanta,Semi-annual
D00313,Zoe Davis,Denver,One-time
D00314,Leah Jackson,Chicago,Semi-annual
D00315,Sara Lopez,Dallas,One-time
D00316,Ravi Gonzalez,Atlanta,Monthly
D00317,Zoe Wilson,Atlanta,One-time
D00318,Nora Thomas,Denver,Monthly
D00319,Omar Hernandez,Miami,Monthly
D00320,Neil Johnson,Denver,One-time
D00321,Zoe Johnson,Denver,Semi-annual
D00322,Olga Williams,Dallas,Monthly
D00323,Sara Miller,Dallas,Monthly
D00324,Priya Taylor,Seattle,Monthly
D00325,John Lopez,Denver,Annual
D00326,Ravi Brown,Chicago,Quarterly
D00327,Jin Miller,Seattle,One-time
D00328,Jin Brown,Miami,Semi-annual
D00329,Ravi Smith,Chicago,Semi-annual
D00330,Neil Martin,Atlanta,Quarterly
D00331,David Davis,Seattle,One-time
D00332,Omar Garcia,Atlanta,One-time
D00333,Marcus Lopez,Dallas,Monthly
D00334,Neil Martinez,Atlanta,Quarterly
D00335,David Garcia,Seattle,Semi-annual
D00336,Ravi Rodriguez,Dallas,One-time
D00337,Alice Wilson,Dallas,One-time
D00338,Olga Gonzalez,Seattle,Semi-annual
D00339,Neil Brown,Atlanta,Quarterly
D00340,Aisha Gonzalez,Miami,Quarterly
D00341,Nora Martinez,Dallas,One-time
D00342,John Miller,Atlanta,Semi-annual
D00343,Alice Lopez,Denver,Quarterly
D00344,Marcus Johnson,Miami,Quarterly
D00345,Nora Davis,Chicago,Annual
D00346,Nora Jones,Miami,Annual
D00347,Ravi Anderson,Miami,Quarterly
D00348,Marcus Rodriguez,Miami,Annual
D00349,Caleb Williams,Chicago,Quarterly
D00350,Zoe Thomas,Atlanta,Annual
D00351,Diego Brown,Miami,One-time
D00352,Sara Moore,Atlanta,Quarterly
D00353,Alice Martin,Denver,Quarterly
D00354,Omar Johnson,Miami,Monthly
D00355,Fatima Smith,Chicago,One-time
D00356,Peter Davis,Atlanta,Semi-annual
D00357,Leah Martinez,Dallas,Monthly
D00358,Olga Lopez,Seattle,Quarterly
D00359,Peter Wilson,Atlanta,Semi-annual
D00360,Alice Martinez,Chicago,Annual
D00361,Jin Thomas,Denver,Quarterly
D00362,Sara Williams,Atlanta,Semi-annual
D00363,John Taylor,Miami,Quarterly
D00364,Alice Lopez,Miami,One-time
D00365,Peter Hernandez,Atlanta,Quarterly
D00366,Omar Davis,Seattle,Quarterly
D00367,Leah Johnson,Chicago,Quarterly
D00368,Peter Lopez,Miami,Monthly
D00369,Ravi Lopez,Chicago,One-time
D00370,Omar Jackson,Dallas,One-time
D00371,Peter Thomas,Dallas,Monthly
D00372,John Smith,Denver,Quarterly
D00373,Ivy Wilson,Chicago,Quarterly
D00374,Peter Anderson,Dallas,Semi-annual
D00375,Peter Williams,Miami,Semi-annual
D00376,David Brown,Miami,Semi-annual
D00377,Priya Jackson,Miami,Semi-annual
D00378,Leah Williams,Miami,Annual
D00379,Nora Smith,Miami,Monthly
D00380,Olga Smith,Dallas,Semi-annual
D00381,Marcus Moore,Miami,One-time
D00382,Nora Wilson,Denver,Monthly
D00383,Neil Rodriguez,Denver,Semi-annual
D00384,Aisha Jackson,Dallas,Annual
D00385,Ravi Anderson,Miami,Annual
D00386,Aisha Garcia,Dallas,One-time
D00387,Diego Smith,Dallas,Annual
D00388,Priya Jackson,Denver,Quarterly
D00389,Alice Brown,Denver,One-time
D00390,Ivy Rodriguez,Denver,One-time
D00391,Jin Hernandez,Denver,Annual
D00392,Leah Garcia,Seattle,Semi-annual
D00393,Fatima Hernandez,Dallas,Semi-annual
D00394,Leah Rodriguez,Denver,Semi-annual
D00395,Peter Johnson,Miami,Annual
D00396,Neil Jackson,Chicago,Semi-annual
D00397,Alice Taylor,Denver,One-time
D00398,David Lopez,Miami,Quarterly
D00399,Caleb Anderson,Denver,Quarterly
D00400,Zoe Smith,Miami,Annual
D00401,Omar Anderson,Denver,Semi-annual
D00402,Olga Jackson,Chicago,One-time
D00403,Marcus Martinez,Atlanta,Annual
D00404,Jin Hernandez,Denver,Annual
D00405,Leah Williams,Dallas,Annual
D00406,Olga Brown,Seattle,Annual
D00407,Marcus Rodriguez,Dallas,One-time
D00408,Omar Wilson,Atlanta,Quarterly
D00409,David Wilson,Miami,One-time
D00410,Neil Miller,Denver,One-time
D00411,David Johnson,Dallas,Semi-annual
D00412,Olga Miller,Atlanta,Monthly
D00413,Aisha Rodriguez,Miami,Monthly
D00414,Caleb Brown,Seattle,Quarterly
D00415,Fatima Gonzalez,Miami,Semi-annual
D00416,Ravi Moore,Atlanta,Annual
D00417,Zoe Davis,Dallas,One-time
D00418,Marcus Smith,Miami,Monthly
D00419,Aisha Hernandez,Atlanta,One-time
D00420,Diego Smith,Chicago,Annual
D00421,Ivy Brown,Dallas,Quarterly
D00422,Fatima Gonzalez,Miami,Quarterly
D00423,Peter Williams,Chicago,Monthly
D00424,Priya Moore,Seattle,One-time
D00425,John Davis,Denver,Semi-annual
D00426,Fatima Martinez,Dallas,Monthly
D00427,Ivy Martin,Chicago,Quarterly
D00428,Omar Martinez,Seattle,Quarterly
D00429,Diego Gonzalez,Dallas,Quarterly
D00430,Fatima Rodriguez,Chicago,Semi-annual
D00431,Ivy Williams,Atlanta,Annual
D00432,Sara Rodriguez,Miami,One-time
D00433,Neil Hernandez,Atlanta,Monthly
D00434,Omar Williams,Denver,Monthly
D00435,John Anderson,Chicago,Annual
D00436,Jin Jones,Miami,Quarterly
D00437,Neil Thomas,Miami,Annual
D00438,Aisha Williams,Dallas,Quarterly
D00439,Nora Jackson,Miami,Semi-annual
D00440,Marcus Hernandez,Chicago,Quarterly
D00441,Nora Brown,Seattle,Monthly
D00442,Ravi Wilson,Atlanta,Annual
D00443,Olga Martin,Denver,Semi-annual
D00444,Priya Jackson,Miami,One-time
D00445,Jin Hernandez,Atlanta,Annual
D00446,Neil Lopez,Atlanta,Monthly
D00447,John Johnson,Atlanta,Semi-annual
D00448,Leah Wilson,Miami,Semi-annual
D00449,John Thomas,Miami,Semi-annual
D00450,Omar Anderson,Atlanta,Annual
D00451,Ravi Jones,Miami,Annual
D00452,Aisha Brown,Dallas,Semi-annual
D00453,Sara Gonzalez,Miami,Semi-annual
D00454,Peter Anderson,Miami,Monthly
D00455,Jin Lopez,Dallas,Annual
D00456,Jin Smith,Denver,Annual
D00457,Priya Jones,Atlanta,Monthly
D00458,Priya Brown,Seattle,Semi-annual
D00459,John Davis,Miami,Quarterly
D00460,Alice Taylor,Dallas,Annual
D00461,John Brown,Miami,One-time
D00462,Fatima Williams,Atlanta,Quarterly
D00463,Sara Hernandez,Denver,Quarterly
D00464,Fatima Gonzalez,Atlanta,One-time
D00465,Alice Martin,Dallas,Semi-annual
D00466,Marcus Brown,Atlanta,Quarterly
D00467,Peter Jones,Chicago,Quarterly
D00468,Zoe Martinez,Miami,Quarterly
D00469,Priya Lopez,Chicago,Quarterly
D00470,Omar Davis,Atlanta,Semi-annual
D00471,Diego Smith,Denver,Semi-annual
D00472,Nora Rodriguez,Atlanta,Quarterly
D00473,Ravi Williams,Seattle,Annual
D00474,Zoe Martin,Miami,One-time
D00475,Nora Johnson,Dallas,Annual
D00476,Jin Moore,Atlanta,Annual
D00477,Alice Smith,Miami,One-time
D00478,Alice Brown,Chicago,Annual
D00479,Peter Smith,Denver,Annual
D00480,Zoe Johnson,Denver,Quarterly
D00481,John Miller,Miami,One-time
D00482,Ivy Davis,Dallas,Semi-annual
D00483,David Wilson,Atlanta,Quarterly
D00484,Zoe Miller,Miami,Semi-annual
D00485,Sara Martinez,Dallas,Quarterly
D00486,Ivy Miller,Miami,Quarterly
D00487,John Jackson,Miami,Monthly
D00488,Diego Smith,Miami,Quarterly
D00489,Sara Moore,Chicago,Monthly
D00490,David Hernandez,Denver,Quarterly
D00491,Ivy Davis,Denver,One-time
D00492,Omar Wilson,Miami,Semi-annual
D00493,Omar Jones,Chicago,Quarterly
D00494,Marcus Taylor,Denver,Monthly
D00495,Ivy Jones,Denver,One-time
D00496,Sara Garcia,Denver,Annual
D00497,David Jackson,Miami,Quarterly
D00498,Jin Jackson,Seattle,Quarterly
D00499,Aisha Lopez,Seattle,Monthly
D00500,Leah Martin,Seattle,Annual
D00501,Ivy Johnson,Miami,Monthly
D00502,Peter Martinez,Denver,Quarterly
D00503,Diego Moore,Chicago,Semi-annual
D00504,Sara Martinez,Atlanta,One-time
D00505,Alice Martin,Miami,One-time
D00506,Fatima Jones,Atlanta,Annual
D00507,Omar Anderson,Seattle,One-time
D00508,Ivy Davis,Seattle,Annual
D00509,Sara Miller,Chicago,Quarterly
D00510,Priya Gonzalez,Dallas,Quarterly
D00511,Zoe Jones,Chicago,Monthly
D00512,Alice Smith,Atlanta,Monthly
D00513,David Martin,Miami,Annual
D00514,Ravi Garcia,Miami,Annual
D00515,Olga Martin,Miami,Annual
D00516,Nora Garcia,Denver,Semi-annual
D00517,Olga Gonzalez,Chicago,Quarterly
D00518,Aisha Jones,Dallas,Quarterly
D00519,Olga Hernandez,Chicago,Annual
D00520,Aisha Garcia,Denver,Annual
D00521,Alice Moore,Seattle,Quarterly
D00522,Aisha Miller,Seattle,Semi-annual
D00523,Aisha Garcia,Chicago,Annual
D00524,Fatima Hernandez,Denver,Semi-annual
D00525,Olga Moore,Chicago,Annual
D00526,Fatima Thomas,Atlanta,Annual
D00527,Olga Lopez,Atlanta,One-time
D00528,Ivy Garcia,Miami,One-time
D00529,Jin Johnson,Denver,One-time
D00530,Neil Moore,Dallas,Annual
D00531,Ravi Lopez,Dallas,Semi-annual
D00532,Marcus Wilson,Dallas,One-time
D00533,Neil Miller,Atlanta,Monthly
D00534,Zoe Gonzalez,Denver,Quarterly
D00535,Omar Williams,Miami,Monthly
D00536,Nora Jackson,Seattle,Semi-annual
D00537,Sara Miller,Denver,Semi-annual
D00538,Nora Brown,Denver,One-time
D00539,Sara Miller,Dallas,Annual
D00540,Diego Smith,Miami,Semi-annual
D00541,Aisha Williams,Atlanta,Semi-annual
D00542,Ivy Jackson,Atlanta,One-time
D00543,Leah Lopez,Denver,Annual
D00544,Ivy Thomas,Denver,Semi-annual
D00545,Ravi Wilson,Denver,Monthly
D00546,Priya Johnson,Atlanta,Annual
D00547,John Lopez,Seattle,Annual
D00548,Ravi Miller,Atlanta,One-time
D00549,Aisha Brown,Dallas,Annual
D00550,Fatima Jackson,Miami,Quarterly
D00551,Aisha Gonzalez,Dallas,Quarterly
D00552,Nora Thomas,Miami,Semi-annual
D00553,John Hernandez,Atlanta,Annual
D00554,Ivy Rodriguez,Seattle,Annual
D00555,Omar Anderson,Dallas,One-time
D00556,David Davis,Chicago,Annual
D00557,Neil Taylor,Chicago,Semi-annual
D00558,John Martinez,Miami,One-time
D00559,Olga Miller,Dallas,Quarterly
D00560,Neil Davis,Denver,Quarterly
D00561,Alice Jackson,Seattle,Semi-annual
D00562,David Jackson,Miami,Quarterly
D00563,Jin Williams,Miami,Semi-annual
D00564,Priya Anderson,Denver,Quarterly
D00565,John Martinez,Miami,Semi-annual
D00566,Diego Davis,Atlanta,Semi-annual
D00567,Ivy Martinez,Denver,One-time
D00568,Jin Williams,Chicago,Monthly
D00569,Neil Jackson,Dallas,Quarterly
D00570,Diego Lopez,Chicago,Annual
D00571,Jin Lopez,Denver,Semi-annual
D00572,Ravi Garcia,Chicago,Semi-annual
D00573,Jin Jackson,Miami,One-time
D00574,Olga Williams,Miami,Quarterly
D00575,Ravi Anderson,Atlanta,Annual
D00576,Nora Brown,Seattle,Annual
D00577,Aisha Thomas,Chicago,Semi-annual
D00578,Priya Garcia,Denver,Quarterly
D00579,Ivy Anderson,Denver,One-time
D00580,Marcus Hernandez,Dallas,One-time
D00581,John Jones,Seattle,Semi-annual
D00582,Leah Brown,Seattle,Semi-annual
D00583,Marcus Brown,Atlanta,Annual
D00584,Omar Gonzalez,Denver,Annual
D00585,Aisha Jackson,Dallas,Quarterly
D00586,Aisha Anderson,Chicago,One-time
D00587,Zoe Lopez,Miami,Monthly
D00588,Zoe Lopez,Denver,Quarterly
D00589,Olga Brown,Seattle,Monthly
D00590,Aisha Wilson,Seattle,One-time
D00591,Neil Rodriguez,Atlanta,Semi-annual
D00592,Marcus Taylor,Miami,Semi-annual
D00593,Marcus Hernandez,Denver,Semi-annual
D00594,Marcus Garcia,Denver,Annual
D00595,Marcus Jones,Denver,One-time
D00596,Leah Anderson,Denver,Monthly
D00597,Leah Rodriguez,Denver,Annual
D00598,Diego Hernandez,Denver,Annual
D00599,Peter Davis,Chicago,Quarterly
D00600,Diego Jackson,Atlanta,One-time
D00601,Jin Lopez,Denver,Monthly
D00602,Priya Jones,Dallas,Semi-annual
D00603,Fatima Gonzalez,Denver,Monthly
D00604,Zoe Moore,Atlanta,Semi-annual
D00605,Caleb Rodriguez,Atlanta,Quarterly
D00606,Alice Anderson,Seattle,One-time
D00607,Zoe Jones,Dallas,One-time
D00608,Zoe Lopez,Atlanta,Monthly
D00609,David Johnson,Miami,Quarterly
D00610,Ravi Brown,Dallas,Quarterly
D00611,Neil Davis,Seattle,Monthly
D00612,Zoe Anderson,Denver,Annual
D00613,Alice Martin,Atlanta,One-time
D00614,Ivy Jackson,Chicago,Annual
D00615,John Martin,Chicago,Monthly
D00616,Zoe Wilson,Atlanta,Monthly
D00617,Jin Williams,Chicago,Quarterly
D00618,Marcus Martin,Seattle,Semi-annual
D00619,Peter Brown,Denver,One-time
D00620,Ravi Hernandez,Chicago,Monthly
D00621,Marcus Davis,Miami,Semi-annual
D00622,Ravi Taylor,Atlanta,One-time
D00623,Fatima Wilson,Denver,Annual
D00624,Ivy Johnson,Dallas,Semi-annual
D00625,Alice Jones,Atlanta,Annual
D00626,Zoe Gonzalez,Seattle,Monthly
D00627,Aisha Davis,Seattle,Quarterly
D00628,Zoe Anderson,Miami,Semi-annual
D00629,Jin Brown,Miami,Annual
D00630,Caleb Jackson,Denver,Semi-annual
D00631,Neil Thomas,Dallas,Quarterly
D00632,Sara Gonzalez,Chicago,Semi-annual
D00633,Sara Davis,Dallas,Monthly
D00634,Caleb Wilson,Chicago,Monthly
D00635,Diego Hernandez,Chicago,Semi-annual
D00636,Olga Gonzalez,Chicago,Annual
D00637,Nora Johnson,Seattle,Semi-annual
D00638,Alice Jackson,Miami,Semi-annual
D00639,Ravi Taylor,Atlanta,Quarterly
D00640,Priya Jackson,Chicago,Annual
D00641,Zoe Jones,Denver,Quarterly
D00642,Peter Taylor,Seattle,One-time
D00643,Diego Thomas,Seattle,Annual
D00644,Jin Gonzalez,Seattle,Quarterly
D00645,Ivy Smith,Seattle,Monthly
D00646,Caleb Hernandez,Miami,Annual
D00647,Marcus Wilson,Miami,One-time
D00648,John Martin,Denver,Quarterly
D00649,Peter Williams,Dallas,Semi-annual
D00650,Aisha Garcia,Atlanta,Semi-annual
D00651,Olga Martinez,Dallas,Annual
D00652,Fatima Taylor,Denver,Quarterly
D00653,Peter Jones,Denver,Monthly
D00654,Sara Jackson,Atlanta,Quarterly
D00655,Ravi Anderson,Atlanta,Quarterly
D00656,Alice Thomas,Denver,Annual
D00657,David Thomas,Miami,Quarterly
D00658,Caleb Williams,Atlanta,Semi-annual
D00659,David Davis,Atlanta,One-time
D00660,Nora Rodriguez,Miami,Monthly
D00661,Alice Anderson,Atlanta,Annual
D00662,Marcus Taylor,Atlanta,Quarterly
D00663,Aisha Thomas,Atlanta,Monthly
D00664,Marcus Jones,Atlanta,Quarterly
D00665,John Martinez,Denver,Monthly
D00666,Leah Gonzalez,Atlanta,Annual
D00667,Caleb Gonzalez,Dallas,One-time
D00668,Neil Davis,Denver,Quarterly
D00669,Ravi Rodriguez,Miami,Semi-annual
D00670,Sara Gonzalez,Chicago,One-time
D00671,Ivy Moore,Miami,Monthly
D00672,Caleb Rodriguez,Atlanta,Annual
D00673,Neil Jones,Denver,One-time
D00674,Aisha Martin,Seattle,Annual
D00675,Neil Jones,Atlanta,Quarterly
D00676,Omar Lopez,Seattle,Monthly
D00677,Omar Miller,Dallas,Quarterly
D00678,Fatima Garcia,Miami,Annual
D00679,Alice Williams,Chicago,Semi-annual
D00680,David Brown,Seattle,One-time
D00681,Nora Martinez,Denver,Semi-annual
D00682,Priya Thomas,Atlanta,One-time
D00683,Alice Martinez,Miami,Monthly
D00684,John Lopez,Dallas,Monthly
D00685,Zoe Jackson,Atlanta,Annual
D00686,Olga Thomas,Chicago,Semi-annual
D00687,Jin Brown,Miami,Annual
D00688,Alice Johnson,Miami,Semi-annual
D00689,Priya Martinez,Chicago,Semi-annual
D00690,Omar Jones,Chicago,Quarterly
D00691,Leah Anderson,Dallas,Monthly
D00692,Sara Thomas,Dallas,Monthly
D00693,Neil Wilson,Chicago,Annual
D00694,Neil Martin,Denver,Quarterly
D00695,Marcus Martinez,Chicago,Annual
D00696,Alice Anderson,Seattle,Monthly
D00697,Diego Anderson,Chicago,Annual
D00698,Marcus Anderson,Atlanta,Quarterly
D00699,Fatima Wilson,Chicago,Annual
D00700,Zoe Thomas,Denver,One-time
D00701,David Davis,Denver,Monthly
D00702,Zoe Thomas,Chicago,Semi-annual
D00703,Marcus Anderson,Seattle,One-time
D00704,Diego Anderson,Seattle,One-time
D00705,Ravi Hernandez,Atlanta,One-time
D00706,Marcus Rodriguez,Miami,Semi-annual
D00707,Omar Smith,Seattle,Quarterly
D00708,Zoe Wilson,Miami,Annual
D00709,Zoe Garcia,Seattle,Annual
D00710,John Brown,Miami,Annual
D00711,Nora Lopez,Miami,Monthly
D00712,Ravi Davis,Denver,Monthly
D00713,Neil Taylor,Dallas,Quarterly
D00714,Olga Garcia,Atlanta,Annual
D00715,Fatima Williams,Chicago,Semi-annual
D00716,Jin Taylor,Atlanta,Quarterly
D00717,Sara Miller,Seattle,Monthly
D00718,Leah Williams,Denver,Quarterly
D00719,Ivy Anderson,Chicago,One-time
D00720,Peter Miller,Atlanta,Semi-annual
D00721,Caleb Jackson,Dallas,Semi-annual
D00722,Fatima Jackson,Denver,Monthly
D00723,Diego Johnson,Atlanta,Semi-annual
D00724,Olga Brown,Atlanta,Quarterly
D00725,David Miller,Denver,Annual
D00726,Olga Wilson,Miami,Annual
D00727,Omar Rodriguez,Denver,Quarterly
D00728,Omar Taylor,Dallas,One-time
D00729,Leah Williams,Dallas,Monthly
D00730,Nora Johnson,Dallas,Semi-annual
D00731,Olga Hernandez,Seattle,Monthly
D00732,Sara Anderson,Miami,Annual
D00733,Zoe Miller,Miami,Monthly
D00734,Alice Garcia,Chicago,Semi-annual
D00735,Peter Martin,Dallas,Monthly
D00736,Zoe Anderson,Dallas,One-time
D00737,Nora Williams,Chicago,Quarterly
D00738,Ravi Thomas,Denver,One-time
D00739,David Jackson,Dallas,Quarterly
D00740,Caleb Martin,Denver,Semi-annual
D00741,Omar Jones,Dallas,Quarterly
D00742,Aisha Garcia,Chicago,Semi-annual
D00743,Leah Williams,Denver,One-time
D00744,Caleb Taylor,Denver,Quarterly
D00745,Peter Taylor,Dallas,One-time
D00746,Ivy Anderson,Denver,One-time
D00747,Ivy Hernandez,Chicago,Quarterly
D00748,Caleb Martin,Chicago,Semi-annual
D00749,Ivy Lopez,Miami,Quarterly
D00750,Zoe Garcia,Seattle,Quarterly
D00751,Aisha Brown,Seattle,Semi-annual
D00752,Omar Davis,Atlanta,Semi-annual
D00753,Alice Davis,Seattle,Annual
D00754,Jin Jackson,Denver,Monthly
D00755,Aisha Rodriguez,Denver,Semi-annual
D00756,Sara Taylor,Atlanta,Monthly
D00757,Ivy Lopez,Dallas,Semi-annual
D00758,Aisha Anderson,Atlanta,Quarterly
D00759,Priya Davis,Atlanta,One-time
D00760,Neil Taylor,Dallas,One-time
D00761,Neil Hernandez,Miami,One-time
D00762,Zoe Smith,Atlanta,One-time
D00763,Alice Jackson,Atlanta,Annual
D00764,Sara Jones,Dallas,Annual
D00765,Caleb Hernandez,Miami,Annual
D00766,Alice Jackson,Atlanta,Quarterly
D00767,Caleb Garcia,Chicago,One-time
D00768,Zoe Thomas,Denver,Annual
D00769,Priya Jones,Dallas,Semi-annual
D00770,Fatima Wilson,Atlanta,Semi-annual
D00771,David Lopez,Denver,Semi-annual
D00772,Zoe Martinez,Dallas,Annual
D00773,Nora Taylor,Atlanta,Semi-annual
D00774,Priya Jackson,Denver,One-time
D00775,Ivy Gonzalez,Seattle,Semi-annual
D00776,Fatima Anderson,Dallas,Annual
D00777,Zoe Brown,Atlanta,Semi-annual
D00778,David Thomas,Dallas,Quarterly
D00779,Omar Martinez,Dallas,Monthly
D00780,Leah Brown,Chicago,Semi-annual
D00781,Aisha Davis,Seattle,One-time
D00782,Nora Johnson,Seattle,One-time
D00783,Olga Williams,Atlanta,Quarterly
D00784,Marcus Jones,Chicago,Annual
D00785,Neil Garcia,Denver,Quarterly
D00786,Zoe Rodriguez,Dallas,Annual
D00787,Ravi Smith,Chicago,Monthly
D00788,Jin Garcia,Dallas,Quarterly
D00789,Marcus Lopez,Denver,Annual
D00790,Alice Brown,Miami,One-time
D00791,Fatima Thomas,Miami,Annual
D00792,Ravi Garcia,Chicago,One-time
D00793,Nora Taylor,Denver,Semi-annual
D00794,Fatima Smith,Dallas,Semi-annual
D00795,Fatima Moore,Atlanta,Semi-annual
D00796,Priya Smith,Seattle,Quarterly
D00797,Omar Brown,Dallas,One-time
D00798,Caleb Jackson,Dallas,One-time
D00799,Ivy Taylor,Seattle,Semi-annual
D00800,Marcus Johnson,Denver,Monthly
D00801,Alice Anderson,Seattle,One-time
D00802,Diego Martin,Atlanta,One-time
D00803,Marcus Brown,Atlanta,Monthly
D00804,Leah Rodriguez,Chicago,One-time
D00805,Caleb Johnson,Chicago,One-time
D00806,Omar Jackson,Miami,One-time
D00807,Alice Hernandez,Atlanta,Annual
D00808,Sara Gonzalez,Chicago,Annual
D00809,John Davis,Miami,Quarterly
D00810,Fatima Jackson,Dallas,Semi-annual
D00811,Zoe Brown,Miami,Monthly
D00812,Diego Wilson,Seattle,Quarterly
D00813,Zoe Williams,Chicago,Semi-annual
D00814,Peter Johnson,Seattle,Quarterly
D00815,Peter Williams,Atlanta,Semi-annual
D00816,Neil Johnson,Seattle,Semi-annual
D00817,Ivy Lopez,Dallas,Semi-annual
D00818,Leah Jackson,Seattle,Semi-annual
D00819,Jin Gonzalez,Denver,Annual
D00820,Ivy Miller,Miami,One-time
D00821,Diego Johnson,Miami,Annual
D00822,Alice Smith,Denver,Annual
D00823,Caleb Martinez,Chicago,Annual
D00824,Priya Hernandez,Miami,Annual
D00825,Ivy Moore,Dallas,Annual
D00826,Marcus Miller,Dallas,Quarterly
D00827,Leah Martinez,Dallas,Semi-annual
D00828,Ravi Johnson,Seattle,Monthly
D00829,Leah Anderson,Denver,Monthly
D00830,Sara Brown,Seattle,Semi-annual
D00831,David Anderson,Seattle,Annual
D00832,David Brown,Seattle,Quarterly
D00833,Omar Wilson,Atlanta,Quarterly
D00834,Alice Martinez,Dallas,Annual
D00835,Leah Johnson,Chicago,Quarterly
D00836,Ravi Martin,Seattle,Quarterly
D00837,Zoe Martinez,Dallas,Annual
D00838,Jin Hernandez,Chicago,Monthly
D00839,Omar Davis,Miami,Quarterly
D00840,Nora Hernandez,Denver,One-time
D00841,Caleb Johnson,Miami,Annual
D00842,Leah Lopez,Denver,Semi-annual
D00843,Alice Martinez,Denver,Monthly
D00844,Nora Martin,Seattle,Quarterly
D00845,Fatima Jackson,Chicago,Semi-annual
D00846,Peter Brown,Miami,One-time
D00847,Zoe Jackson,Atlanta,One-time
D00848,Ivy Thomas,Miami,One-time
D00849,Aisha Davis,Seattle,Semi-annual
D00850,David Miller,Seattle,One-time
D00851,Jin Smith,Chicago,Annual
D00852,Zoe Smith,Dallas,One-time
D00853,Aisha Garcia,Miami,Semi-annual
D00854,Sara Taylor,Atlanta,Quarterly
D00855,Sara Brown,Chicago,One-time
D00856,Ravi Rodriguez,Miami,Annual
D00857,Caleb Anderson,Miami,Quarterly
D00858,John Johnson,Chicago,Quarterly
D00859,Aisha Gonzalez,Denver,Quarterly
D00860,John Thomas,Seattle,Annual
D00861,Peter Martinez,Seattle,Monthly
D00862,Olga Martin,Chicago,Semi-annual
D00863,John Williams,Atlanta,Quarterly
D00864,Marcus Anderson,Seattle,Monthly
D00865,Nora Davis,Denver,Quarterly
D00866,Jin Hernandez,Dallas,One-time
D00867,Olga Rodriguez,Miami,Semi-annual
D00868,Ravi Smith,Dallas,Annual
D00869,Aisha Jackson,Dallas,Semi-annual
D00870,Jin Garcia,Chicago,Annual
D00871,Zoe Rodriguez,Chicago,One-time
D00872,John Anderson,Denver,Quarterly
D00873,Caleb Hernandez,Atlanta,One-time
D00874,Jin Davis,Seattle,Quarterly
D00875,Diego Thomas,Atlanta,Semi-annual
D00876,Priya Martinez,Seattle,One-time
D00877,Priya Hernandez,Dallas,Annual
D00878,John Hernandez,Miami,Monthly
D00879,Diego Lopez,Chicago,Semi-annual
D00880,Marcus Hernandez,Denver,Quarterly
D00881,Priya Taylor,Miami,Quarterly
D00882,John Jackson,Seattle,One-time
D00883,Omar Taylor,Seattle,Monthly
D00884,Priya Davis,Seattle,One-time
D00885,John Williams,Denver,Annual
D00886,Omar Smith,Denver,Semi-annual
D00887,Olga Wilson,Denver,Semi-annual
D00888,Leah Hernandez,Miami,Quarterly
D00889,Nora Davis,Dallas,Semi-annual
D00890,Zoe Brown,Seattle,Quarterly
D00891,Alice Davis,Denver,Quarterly
D00892,Olga Thomas,Miami,Monthly
D00893,Aisha Martin,Chicago,One-time
D00894,Diego Gonzalez,Denver,Annual
D00895,Nora Jackson,Dallas,Annual
D00896,Olga Martinez,Chicago,Quarterly
D00897,Sara Williams,Dallas,Semi-annual
D00898,Olga Lopez,Denver,Monthly
D00899,Aisha Garcia,Chicago,Semi-annual
D00900,Zoe Thomas,Dallas,Quarterly
D00901,David Taylor,Atlanta,Semi-annual
D00902,Ivy Wilson,Seattle,Annual
D00903,Fatima Rodriguez,Atlanta,One-time
D00904,Ivy Anderson,Miami,One-time
D00905,Ivy Gonzalez,Miami,One-time
D00906,Caleb Smith,Denver,One-time
D00907,Fatima Taylor,Chicago,One-time
D00908,Fatima Garcia,Atlanta,Monthly
D00909,Marcus Williams,Miami,Annual
D00910,Neil Gonzalez,Atlanta,Semi-annual
D00911,Diego Moore,Miami,Semi-annual
D00912,Priya Brown,Denver,One-time
D00913,Alice Martin,Atlanta,One-time
D00914,Omar Miller,Seattle,One-time
D00915,Nora Hernandez,Seattle,Monthly
D00916,Priya Martin,Dallas,Quarterly
D00917,Peter Jackson,Seattle,Annual
D00918,Nora Williams,Dallas,Semi-annual
D00919,Sara Gonzalez,Miami,One-time
D00920,Caleb Miller,Seattle,Monthly
D00921,Fatima Taylor,Miami,One-time
D00922,Diego Thomas,Chicago,Semi-annual
D00923,Fatima Jones,Chicago,Annual
D00924,Fatima Garcia,Dallas,Semi-annual
D00925,Caleb Jackson,Dallas,Monthly
D00926,Marcus Wilson,Seattle,Monthly
D00927,David Garcia,Seattle,Monthly
D00928,Priya Thomas,Chicago,Quarterly
D00929,Fatima Jackson,Dallas,Semi-annual
D00930,Ivy Martin,Miami,Monthly
D00931,Aisha Martin,Miami,Quarterly
D00932,Nora Hernandez,Chicago,Quarterly
D00933,Zoe Jackson,Chicago,Quarterly
D00934,Caleb Thomas,Miami,Monthly
D00935,John Moore,Seattle,Quarterly
D00936,Fatima Jones,Miami,One-time
D00937,Caleb Williams,Seattle,Monthly
D00938,Nora Thomas,Dallas,One-time
D00939,Fatima Johnson,Atlanta,Quarterly
D00940,Neil Taylor,Dallas,One-time
D00941,John Wilson,Seattle,Semi-annual
D00942,Fatima Rodriguez,Chicago,Annual
D00943,Peter Wilson,Dallas,Semi-annual
D00944,Nora Garcia,Dallas,Semi-annual
D00945,Leah Brown,Chicago,Monthly
D00946,Nora Smith,Denver,Quarterly
D00947,Diego Miller,Denver,One-time
D00948,John Brown,Atlanta,Annual
D00949,Fatima Martin,Miami,Quarterly
D00950,Alice Davis,Chicago,Annual
D00951,Priya Smith,Dallas,One-time
D00952,Nora Martin,Chicago,Quarterly
D00953,Omar Jackson,Dallas,One-time
D00954,Leah Williams,Atlanta,Annual
D00955,Omar Hernandez,Denver,Annual
D00956,Olga Smith,Miami,Semi-annual
D00957,Sara Thomas,Chicago,Semi-annual
D00958,Peter Thomas,Denver,One-time
D00959,Sara Jackson,Atlanta,Annual
D00960,Jin Brown,Atlanta,Annual
D00961,Fatima Lopez,Seattle,Monthly
D00962,Fatima Johnson,Chicago,One-time
D00963,John Miller,Chicago,Quarterly
D00964,Zoe Martinez,Denver,Monthly
D00965,Alice Taylor,Chicago,Quarterly
D00966,Leah Rodriguez,Miami,One-time
D00967,Priya Gonzalez,Chicago,Semi-annual
D00968,Alice Anderson,Miami,Annual
D00969,Fatima Wilson,Atlanta,Quarterly
D00970,Omar Jones,Dallas,Semi-annual
D00971,Ravi Lopez,Seattle,One-time
D00972,John Gonzalez,Miami,One-time
D00973,Marcus Davis,Seattle,Monthly
D00974,Jin Williams,Miami,One-time
D00975,Leah Taylor,Dallas,One-time
D00976,Jin Thomas,Denver,Semi-annual
D00977,Aisha Jackson,Dallas,Annual
D00978,Zoe Garcia,Chicago,One-time
D00979,Sara Moore,Atlanta,Monthly
D00980,Nora Thomas,Chicago,One-time
D00981,Fatima Thomas,Atlanta,Monthly
D00982,Zoe Davis,Atlanta,Monthly
D00983,Jin Davis,Dallas,Monthly
D00984,Sara Jackson,Dallas,Semi-annual
D00985,Neil Williams,Atlanta,Semi-annual
D00986,Caleb Johnson,Miami,Monthly
D00987,Alice Brown,Miami,Semi-annual
D00988,Alice Brown,Dallas,Annual
D00989,Aisha Johnson,Dallas,Monthly
D00990,Omar Gonzalez,Seattle,One-time
D00991,Fatima Gonzalez,Atlanta,Semi-annual
D00992,Leah Gonzalez,Atlanta,Semi-annual
D00993,Zoe Martin,Atlanta,Monthly
D00994,Peter Wilson,Denver,One-time
D00995,Caleb Moore,Denver,One-time
D00996,Priya Anderson,Denver,Monthly
D00997,Priya Wilson,Miami,Semi-annual
D00998,Sara Gonzalez,Atlanta,Semi-annual
D00999,Sara Davis,Chicago,Semi-annual
D01000,Marcus Martin,Miami,Annual
D01001,Zoe Davis,Seattle,Annual
D01002,Diego Johnson,Denver,Quarterly
D01003,Ravi Lopez,Atlanta,Annual
D01004,Peter Miller,Miami,One-time
D01005,Priya Jackson,Seattle,Annual
D01006,Ravi Johnson,Seattle,Semi-annual
D01007,Olga Anderson,Miami,Semi-annual
D01008,Diego Taylor,Miami,Annual
D01009,Jin Taylor,Dallas,Semi-annual
D01010,Ivy Johnson,Seattle,Semi-annual
D01011,Leah Miller,Atlanta,One-time
D01012,Marcus Johnson,Seattle,One-time
D01013,Peter Jackson,Chicago,Annual
D01014,Diego Gonzalez,Chicago,Quarterly
D01015,Ravi Hernandez,Seattle,One-time
D01016,Ivy Wilson,Seattle,Annual
D01017,Jin Martin,Miami,Annual
D01018,Peter Smith,Dallas,Quarterly
D01019,Aisha Williams,Chicago,One-time
D01020,Marcus Garcia,Atlanta,Annual
D01021,Ravi Lopez,Miami,Annual
D01022,Ravi Garcia,Seattle,Monthly
D01023,Priya Jones,Seattle,Semi-annual
D01024,Ivy Jackson,Denver,Monthly
D01025,Caleb Anderson,Seattle,Monthly
D01026,Priya Johnson,Chicago,Semi-annual
D01027,Ravi Williams,Miami,Annual
D01028,Aisha Wilson,Chicago,Semi-annual
D01029,Ivy Hernandez,Miami,Semi-annual
D01030,Nora Martinez,Miami,Semi-annual
D01031,Caleb Davis,Dallas,Monthly
D01032,Diego Jones,Denver,One-time
D01033,Alice Smith,Chicago,Annual
D01034,Sara Johnson,Dallas,Monthly
D01035,Neil Rodriguez,Atlanta,Semi-annual
D01036,Olga Miller,Dallas,Annual
D01037,John Anderson,Chicago,Semi-annual
D01038,Leah Brown,Denver,Quarterly
D01039,Alice Hernandez,Seattle,One-time
D01040,Peter Johnson,Chicago,One-time
D01041,Peter Moore,Chicago,One-time
D01042,Aisha Garcia,Miami,Monthly
D01043,Aisha Moore,Miami,One-time
D01044,Sara Lopez,Miami,Quarterly
D01045,Sara Williams,Atlanta,Annual
D01046,Neil Jackson,Dallas,Quarterly
D01047,Aisha Brown,Miami,One-time
D01048,Caleb Anderson,Dallas,Semi-annual
D01049,Zoe Garcia,Seattle,One-time
D01050,Omar Williams,Miami,Annual
D01051,David Taylor,Seattle,Monthly
D01052,Olga Hernandez,Chicago,One-time
D01053,Marcus Garcia,Seattle,Annual
D01054,David Thomas,Atlanta,Quarterly
D01055,Priya Taylor,Miami,Semi-annual
D01056,Jin Jackson,Miami,One-time
D01057,Diego Taylor,Atlanta,Semi-annual
D01058,John Smith,Denver,Quarterly
D01059,Sara Williams,Seattle,Annual
D01060,John Martinez,Chicago,Quarterly
D01061,Olga Moore,Seattle,Quarterly
D01062,Caleb Martin,Seattle,One-time
D01063,Priya Garcia,Chicago,Semi-annual
D01064,Fatima Williams,Miami,Quarterly
D01065,Neil Jackson,Chicago,Semi-annual
D01066,Ivy Hernandez,Atlanta,Quarterly
D01067,Ivy Jones,Chicago,Monthly
D01068,Sara Davis,Denver,Quarterly
D01069,Marcus Hernandez,Seattle,One-time
D01070,Neil Anderson,Miami,Annual
D01071,Aisha Hernandez,Miami,Annual
D01072,Leah Martinez,Miami,Semi-annual
D01073,Zoe Brown,Dallas,Annual
D01074,Aisha Brown,Seattle,Semi-annual
D01075,Nora Martin,Dallas,Annual
D01076,Alice Rodriguez,Denver,Monthly
D01077,John Williams,Chicago,Semi-annual
D01078,Omar Miller,Atlanta,Quarterly
D01079,Ravi Moore,Dallas,Annual
D01080,Caleb Anderson,Denver,Annual
D01081,Aisha Rodriguez,Chicago,Semi-annual
D01082,John Rodriguez,Chicago,Annual
D01083,Ivy Moore,Seattle,Quarterly
D01084,Ravi Thomas,Denver,Annual
D01085,Nora Rodriguez,Miami,Semi-annual
D01086,David Garcia,Dallas,Quarterly
D01087,Ivy Davis,Dallas,One-time
D01088,Sara Johnson,Miami,Quarterly
D01089,Peter Gonzalez,Denver,Quarterly
D01090,Diego Smith,Miami,Monthly
D01091,Fatima Jones,Denver,One-time
D01092,David Miller,Atlanta,Annual
D01093,Aisha Thomas,Dallas,One-time
D01094,Neil Taylor,Dallas,One-time
D01095,Sara Lopez,Denver,Annual
D01096,Fatima Martinez,Atlanta,Annual
D01097,Diego Hernandez,Seattle,Quarterly
D01098,Nora Garcia,Chicago,Semi-annual
D01099,Priya Johnson,Atlanta,Monthly
D01100,Diego Martinez,Denver,One-time
D01101,Peter Miller,Chicago,One-time
D01102,Sara Garcia,Denver,Quarterly
D01103,Neil Martinez,Atlanta,Quarterly
D01104,Caleb Taylor,Denver,Semi-annual
D01105,Ravi Martinez,Dallas,Annual
D01106,Zoe Moore,Dallas,One-time
D01107,Zoe Miller,Denver,Semi-annual
D01108,Sara Gonzalez,Seattle,One-time
D01109,Nora Johnson,Chicago,One-time
D01110,Ivy Davis,Atlanta,One-time
D01111,Priya Williams,Chicago,Semi-annual
D01112,Marcus Williams,Miami,Semi-annual
D01113,Alice Moore,Dallas,Quarterly
D01114,Nora Martinez,Miami,Annual
D01115,Caleb Garcia,Seattle,Semi-annual
D01116,Omar Jones,Seattle,Monthly
D01117,David Brown,Denver,Quarterly
D01118,Caleb Davis,Denver,Quarterly
D01119,Marcus Taylor,Denver,Semi-annual
D01120,Nora Davis,Denver,Semi-annual
D01121,Ivy Wilson,Dallas,Quarterly
D01122,Sara Taylor,Chicago,Quarterly
D01123,John Jones,Chicago,One-time
D01124,Alice Williams,Miami,One-time
D01125,Nora Johnson,Seattle,Annual
D01126,Ivy Anderson,Atlanta,One-time
D01127,Aisha Hernandez,Denver,Annual
D01128,Ravi Miller,Dallas,Quarterly
D01129,Alice Smith,Chicago,Annual
D01130,Neil Garcia,Seattle,Monthly
D01131,Peter Williams,Dallas,Annual
D01132,Ivy Martin,Dallas,Monthly
D01133,Zoe Rodriguez,Miami,Semi-annual
D01134,David Moore,Dallas,One-time
D01135,Diego Taylor,Denver,Semi-annual
D01136,Nora Williams,Seattle,One-time
D01137,Olga Rodriguez,Dallas,Semi-annual
D01138,Olga Taylor,Chicago,Monthly
D01139,Peter Williams,Atlanta,One-time
D01140,Aisha Garcia,Chicago,Annual
D01141,Peter Smith,Seattle,Quarterly
D01142,Peter Gonzalez,Dallas,One-time
D01143,Zoe Taylor,Atlanta,Monthly
D01144,Fatima Jackson,Seattle,Quarterly
D01145,Zoe Smith,Denver,Annual
D01146,Olga Thomas,Denver,Quarterly
D01147,Fatima Davis,Seattle,Semi-annual
D01148,Diego Brown,Atlanta,Semi-annual
D01149,Sara Moore,Atlanta,Semi-annual
D01150,Omar Thomas,Dallas,One-time
D01151,Sara Jones,Atlanta,One-time
D01152,Peter Moore,Chicago,One-time
D01153,Caleb Johnson,Atlanta,Quarterly
D01154,Aisha Thomas,Miami,One-time
D01155,Marcus Martin,Seattle,Annual
D01156,Ravi Thomas,Chicago,One-time
D01157,Caleb Wilson,Dallas,Semi-annual
D01158,Olga Davis,Chicago,Monthly
D01159,Alice Anderson,Seattle,One-time
D01160,Sara Martin,Chicago,Monthly
D01161,Olga Wilson,Dallas,One-time
D01162,John Gonzalez,Atlanta,One-time
D01163,Marcus Wilson,Dallas,Monthly
D01164,Fatima Gonzalez,Denver,Quarterly
D01165,Caleb Wilson,Chicago,One-time
D01166,Ivy Jackson,Miami,Quarterly
D01167,Zoe Jones,Chicago,Annual
D01168,Priya Martinez,Dallas,Quarterly
D01169,Ivy Johnson,Dallas,Annual
D01170,Peter Davis,Denver,Monthly
D01171,Marcus Wilson,Dallas,One-time
D01172,Ravi Thomas,Dallas,Monthly
D01173,Jin Taylor,Miami,Annual
D01174,David Davis,Chicago,One-time
D01175,Jin Williams,Denver,Quarterly
D01176,Neil Davis,Denver,Semi-annual
D01177,Ivy Moore,Dallas,Annual
D01178,Olga Garcia,Denver,One-time
D01179,Aisha Smith,Atlanta,Semi-annual
D01180,Priya Moore,Dallas,Semi-annual
D01181,Priya Wilson,Chicago,Quarterly
D01182,Nora Davis,Miami,One-time
D01183,Leah Rodriguez,Seattle,Annual
D01184,Sara Martinez,Chicago,Monthly
D01185,Marcus Hernandez,Atlanta,Monthly
D01186,Olga Taylor,Seattle,Semi-annual
D01187,Aisha Miller,Denver,One-time
D01188,Ravi Martinez,Dallas,Quarterly
D01189,Neil Hernandez,Denver,Quarterly
D01190,Omar Brown,Atlanta,Monthly
D01191,Nora Martin,Chicago,One-time
D01192,Omar Moore,Atlanta,Semi-annual
D01193,Peter Miller,Denver,Semi-annual
D01194,Diego Martinez,Chicago,Quarterly
D01195,Aisha Williams,Denver,Quarterly
D01196,Aisha Hernandez,Dallas,Quarterly
D01197,Nora Taylor,Miami,Monthly
D01198,Olga Martin,Chicago,Semi-annual
D01199,Ivy Gonzalez,Miami,Quarterly
D01200,Olga Davis,Dallas,Annual
D01201,Jin Brown,Chicago,One-time
D01202,Diego Jones,Seattle,Quarterly
D01203,Zoe Jones,Atlanta,Semi-annual
D01204,Marcus Lopez,Atlanta,Annual
D01205,Olga Taylor,Miami,Quarterly
D01206,Olga Rodriguez,Dallas,One-time
D01207,Jin Gonzalez,Miami,Monthly
D01208,Sara Johnson,Atlanta,Annual
D01209,Nora Miller,Denver,One-time
D01210,Fatima Moore,Miami,Annual
D01211,John Jackson,Denver,One-time
D01212,Leah Williams,Miami,Annual
D01213,Sara Davis,Atlanta,Semi-annual
D01214,Olga Davis,Miami,Semi-annual
D01215,Omar Moore,Seattle,Annual
D01216,Zoe Martinez,Denver,Monthly
D01217,Priya Smith,Seattle,Annual
D01218,Neil Thomas,Atlanta,One-time
D01219,Ivy Rodriguez,Dallas,Quarterly
D01220,Nora Williams,Dallas,Annual
D01221,Fatima Anderson,Chicago,Annual
D01222,Omar Taylor,Atlanta,Monthly
D01223,Caleb Taylor,Seattle,One-time
D01224,Neil Davis,Chicago,One-time
D01225,Leah Jackson,Miami,Semi-annual
D01226,Fatima Anderson,Dallas,Monthly
D01227,Priya Brown,Seattle,Monthly
D01228,Ivy Rodriguez,Denver,One-time
D01229,Jin Garcia,Dallas,One-time
D01230,Aisha Miller,Denver,Annual
D01231,Alice Anderson,Miami,Monthly
D01232,Peter Smith,Dallas,Semi-annual
D01233,Neil Taylor,Atlanta,Annual
D01234,John Williams,Dallas,Annual
D01235,Ivy Williams,Atlanta,One-time
D01236,Diego Rodriguez,Miami,One-time
D01237,Marcus Smith,Denver,Annual
D01238,Neil Moore,Denver,Quarterly
D01239,Olga Garcia,Miami,Semi-annual
D01240,Priya Jones,Seattle,Semi-annual
D01241,Caleb Lopez,Atlanta,One-time
D01242,Olga Smith,Dallas,Monthly
D01243,Priya Garcia,Atlanta,Monthly
D01244,Zoe Davis,Atlanta,Semi-annual
D01245,Zoe Rodriguez,Dallas,One-time
D01246,Leah Moore,Miami,Monthly
D01247,Zoe Taylor,Seattle,Quarterly
D01248,Caleb Garcia,Dallas,One-time
D01249,Jin Davis,Denver,Quarterly
D01250,Priya Martin,Denver,Monthly
D01251,Neil Jones,Denver,Semi-annual
D01252,David Lopez,Seattle,Semi-annual
D01253,Nora Rodriguez,Seattle,Monthly
D01254,Omar Martin,Dallas,Monthly
D01255,Caleb Martinez,Denver,Monthly
D01256,Caleb Thomas,Seattle,One-time
D01257,Omar Brown,Chicago,One-time
D01258,David Anderson,Miami,Annual
D01259,Olga Williams,Denver,One-time
D01260,Peter Martin,Miami,Quarterly
D01261,Marcus Jones,Miami,Semi-annual
D01262,Nora Davis,Atlanta,Quarterly
D01263,Zoe Miller,Chicago,Semi-annual
D01264,Ravi Davis,Dallas,Semi-annual
D01265,John Garcia,Atlanta,Annual
D01266,Nora Brown,Dallas,Monthly
D01267,Marcus Jones,Chicago,Monthly
D01268,Fatima Taylor,Atlanta,Semi-annual
D01269,Neil Williams,Seattle,Semi-annual
D01270,Neil Johnson,Atlanta,Quarterly
D01271,Fatima Moore,Denver,One-time
D01272,Zoe Rodriguez,Seattle,Monthly
D01273,Ravi Jones,Dallas,One-time
D01274,Jin Miller,Seattle,One-time
D01275,Priya Moore,Seattle,Semi-annual
D01276,Jin Martinez,Seattle,Quarterly
D01277,Marcus Thomas,Seattle,Semi-annual
D01278,Jin Hernandez,Dallas,Monthly
D01279,Olga Gonzalez,Dallas,Annual
D01280,Marcus Lopez,Miami,Quarterly
D01281,Zoe Taylor,Atlanta,Annual
D01282,Leah Lopez,Dallas,Annual
D01283,Alice Gonzalez,Denver,Semi-annual
D01284,David Rodriguez,Seattle,Annual
D01285,Olga Smith,Miami,Quarterly
D01286,Zoe Thomas,Denver,Semi-annual
D01287,Zoe Moore,Atlanta,Semi-annual
D01288,Fatima Williams,Dallas,One-time
D01289,Alice Gonzalez,Chicago,One-time
D01290,Peter Lopez,Chicago,One-time
D01291,Jin Thomas,Chicago,Monthly
D01292,Ravi Jackson,Atlanta,Quarterly
D01293,Fatima Williams,Seattle,One-time
D01294,Ivy Davis,Miami,Quarterly
D01295,Jin Williams,Seattle,Quarterly
D01296,Olga Anderson,Atlanta,One-time
D01297,Ravi Hernandez,Miami,Monthly
D01298,Neil Johnson,Dallas,Monthly
D01299,Zoe Garcia,Seattle,Annual
D01300,Ravi Jones,Miami,Annual
D01301,Zoe Taylor,Dallas,Quarterly
D01302,David Smith,Chicago,One-time
D01303,David Jones,Miami,Annual
D01304,Sara Gonzalez,Atlanta,Quarterly
D01305,Priya Jones,Atlanta,Monthly
D01306,Fatima Taylor,Seattle,One-time
D01307,Peter Wilson,Atlanta,One-time
D01308,Ravi Miller,Atlanta,Semi-annual
D01309,Marcus Brown,Atlanta,Semi-annual
D01310,Neil Smith,Chicago,Annual
D01311,David Rodriguez,Miami,One-time
D01312,Marcus Garcia,Dallas,Semi-annual
D01313,Nora Brown,Chicago,Annual
D01314,Priya Jones,Atlanta,Quarterly
D01315,Diego Williams,Denver,Monthly
D01316,Alice Jackson,Dallas,Monthly
D01317,Olga Brown,Dallas,Annual
D01318,Zoe Taylor,Denver,Annual
D01319,Omar Moore,Dallas,Quarterly
D01320,Marcus Moore,Chicago,One-time
D01321,Neil Rodriguez,Chicago,Monthly
D01322,Leah Smith,Atlanta,Semi-annual
D01323,Peter Johnson,Chicago,Monthly
D01324,Alice Gonzalez,Denver,Semi-annual
D01325,Peter Lopez,Miami,Quarterly
D01326,Aisha Moore,Chicago,One-time
D01327,Jin Davis,Chicago,Monthly
D01328,Omar Jackson,Denver,Annual
D01329,Priya Gonzalez,Dallas,One-time
D01330,Zoe Martinez,Denver,Annual
D01331,Alice Rodriguez,Denver,Annual
D01332,Diego Rodriguez,Miami,Quarterly
D01333,Nora Taylor,Dallas,Annual
D01334,Priya Johnson,Miami,Monthly
D01335,Aisha Lopez,Miami,One-time
D01336,John Thomas,Seattle,Monthly
D01337,David Anderson,Miami,Annual
D01338,Zoe Thomas,Atlanta,Annual
D01339,Ivy Jackson,Dallas,Monthly
D01340,Omar Martin,Chicago,Quarterly
D01341,Peter Thomas,Denver,Quarterly
D01342,Omar Garcia,Seattle,Quarterly
D01343,Ivy Davis,Dallas,Annual
D01344,Priya Miller,Chicago,One-time
D01345,Jin Miller,Miami,Quarterly
D01346,Jin Anderson,Denver,Monthly
D01347,Marcus Hernandez,Seattle,Annual
D01348,Priya Johnson,Denver,Monthly
D01349,Jin Taylor,Miami,Annual
D01350,Leah Lopez,Atlanta,Annual
D01351,Jin Garcia,Denver,Annual
D01352,Fatima Brown,Chicago,Annual
D01353,David Hernandez,Seattle,Quarterly
D01354,Ravi Smith,Seattle,Monthly
D01355,Sara Taylor,Atlanta,Semi-annual
D01356,Marcus Garcia,Denver,One-time
D01357,Alice Martin,Seattle,One-time
D01358,Sara Davis,Dallas,Semi-annual
D01359,Ivy Garcia,Dallas,Annual
D01360,Caleb Johnson,Miami,Monthly
D01361,Omar Martinez,Chicago,Monthly
D01362,Priya Wilson,Miami,One-time
D01363,Marcus Johnson,Denver,Semi-annual
D01364,Alice Jones,Dallas,Monthly
D01365,Diego Jackson,Miami,One-time
D01366,Neil Martinez,Atlanta,Annual
D01367,Jin Anderson,Miami,Annual
D01368,Ivy Brown,Miami,Semi-annual
D01369,Fatima Lopez,Atlanta,One-time
D01370,Aisha Martin,Atlanta,Annual
D01371,Olga Martinez,Miami,One-time
D01372,Nora Jones,Chicago,Monthly
D01373,Ivy Davis,Chicago,Quarterly
D01374,Ivy Martin,Miami,Annual
D01375,Ivy Williams,Chicago,Monthly
D01376,Olga Hernandez,Atlanta,Semi-annual
D01377,Aisha Brown,Miami,One-time
D01378,Diego Smith,Atlanta,Semi-annual
D01379,Nora Miller,Denver,Quarterly
D01380,Ivy Jackson,Dallas,One-time
D01381,Aisha Gonzalez,Denver,Quarterly
D01382,Diego Rodriguez,Dallas,Annual
D01383,Zoe Anderson,Chicago,One-time
D01384,Zoe Williams,Miami,Monthly
D01385,David Taylor,Denver,Annual
D01386,David Smith,Dallas,Annual
D01387,Diego Martinez,Miami,Annual
D01388,Alice Garcia,Seattle,One-time
D01389,Olga Martin,Dallas,Quarterly
D01390,John Johnson,Dallas,One-time
D01391,Nora Martin,Miami,Semi-annual
D01392,Ivy Brown,Miami,Annual
D01393,Nora Johnson,Dallas,One-time
D01394,Peter Miller,Seattle,Quarterly
D01395,Zoe Martin,Atlanta,Monthly
D01396,Neil Smith,Chicago,Annual
D01397,Olga Davis,Denver,Semi-annual
D01398,Marcus Moore,Dallas,Semi-annual
D01399,Fatima Miller,Atlanta,Monthly
D01400,Sara Thomas,Miami,Monthly
D01401,Leah Martin,Atlanta,Quarterly
D01402,Sara Taylor,Seattle,One-time
D01403,Sara Wilson,Seattle,One-time
D01404,Caleb Miller,Chicago,Semi-annual
D01405,Olga Rodriguez,Seattle,Annual
D01406,Ravi Moore,Chicago,Annual
D01407,Marcus Smith,Miami,Annual
D01408,Diego Garcia,Denver,One-time
D01409,Aisha Moore,Seattle,Monthly
D01410,Fatima Wilson,Dallas,Semi-annual
D01411,Aisha Lopez,Miami,Monthly
D01412,Jin Martinez,Denver,Monthly
D01413,Sara Moore,Denver,Quarterly
D01414,Leah Anderson,Dallas,One-time
D01415,Jin Thomas,Atlanta,Quarterly
D01416,John Miller,Atlanta,Quarterly
D01417,Diego Thomas,Chicago,Quarterly
D01418,Ivy Hernandez,Dallas,One-time
D01419,Nora Anderson,Seattle,Semi-annual
D01420,Olga Gonzalez,Atlanta,One-time
D01421,Peter Taylor,Chicago,Quarterly
D01422,Leah Garcia,Atlanta,Annual
D01423,Priya Taylor,Dallas,Annual
D01424,Diego Rodriguez,Atlanta,Semi-annual
D01425,Olga Jackson,Miami,Monthly
D01426,John Hernandez,Atlanta,One-time
D01427,Aisha Davis,Denver,Annual
D01428,David Thomas,Dallas,Annual
D01429,Diego Johnson,Denver,Quarterly
D01430,Alice Moore,Miami,One-time
D01431,Ivy Rodriguez,Seattle,Quarterly
D01432,Nora Wilson,Denver,Monthly
D01433,Ravi Taylor,Denver,One-time
D01434,Ivy Thomas,Miami,Semi-annual
D01435,Marcus Davis,Atlanta,Quarterly
D01436,John Lopez,Dallas,One-time
D01437,Leah Martin,Atlanta,Annual
D01438,Aisha Martin,Denver,One-time
D01439,Olga Jackson,Dallas,Quarterly
D01440,Leah Martinez,Atlanta,Monthly
D01441,Olga Brown,Denver,Quarterly
D01442,Sara Thomas,Chicago,Semi-annual
D01443,Caleb Thomas,Denver,Annual
D01444,Omar Johnson,Chicago,One-time
D01445,Omar Jackson,Seattle,One-time
D01446,Nora Lopez,Chicago,One-time
D01447,David Martin,Atlanta,One-time
D01448,Omar Lopez,Seattle,Monthly
D01449,Alice Wilson,Chicago,Semi-annual
D01450,Fatima Rodriguez,Chicago,Quarterly
D01451,Priya Gonzalez,Dallas,Annual
D01452,Priya Jones,Dallas,Annual
D01453,Olga Anderson,Chicago,One-time
D01454,Aisha Moore,Dallas,Semi-annual
D01455,Ivy Martin,Miami,Monthly
D01456,Priya Johnson,Chicago,Semi-annual
D01457,Caleb Williams,Atlanta,Monthly
D01458,Jin Moore,Seattle,Monthly
D01459,Nora Rodriguez,Miami,Monthly
D01460,Jin Gonzalez,Dallas,Monthly
D01461,Olga Miller,Dallas,Annual
D01462,Leah Moore,Chicago,One-time
D01463,Nora Thomas,Atlanta,Annual
D01464,John Jones,Denver,Monthly
D01465,Leah Martinez,Seattle,Annual
D01466,Nora Gonzalez,Miami,One-time
D01467,John Jones,Denver,Quarterly
D01468,Sara Smith,Denver,One-time
D01469,Neil Jones,Dallas,Semi-annual
D01470,Peter Anderson,Atlanta,Monthly
D01471,Ravi Smith,Miami,Quarterly
D01472,Ivy Lopez,Atlanta,One-time
D01473,Alice Davis,Dallas,Semi-annual
D01474,Fatima Lopez,Dallas,Quarterly
D01475,Omar Johnson,Denver,Quarterly
D01476,David Martin,Atlanta,Quarterly
D01477,Leah Davis,Atlanta,Quarterly
D01478,Zoe Davis,Denver,One-time
D01479,Priya Hernandez,Dallas,One-time
D01480,Priya Anderson,Seattle,Annual
D01481,Jin Jones,Denver,Annual
D01482,Aisha Smith,Atlanta,One-time
D01483,Leah Williams,Chicago,Annual
D01484,Caleb Brown,Chicago,Quarterly
D01485,Ivy Johnson,Miami,Annual
D01486,Neil Smith,Seattle,One-time
D01487,Omar Miller,Denver,One-time
D01488,David Thomas,Chicago,One-time
D01489,John Taylor,Dallas,Monthly
D01490,Olga Garcia,Dallas,Quarterly
D01491,Priya Lopez,Miami,Semi-annual
D01492,Neil Johnson,Miami,Semi-annual
D01493,Zoe Gonzalez,Seattle,Quarterly
D01494,Omar Hernandez,Seattle,Semi-annual
D01495,Leah Jones,Seattle,Monthly
D01496,David Gonzalez,Denver,Semi-annual
D01497,Sara Johnson,Miami,Monthly
D01498,Jin Johnson,Chicago,One-time
D01499,Jin Lopez,Dallas,Quarterly
D01500,Ravi Thomas,Dallas,Quarterly
D01501,Ravi Taylor,Denver,One-time
D01502,David Miller,Seattle,Quarterly
D01503,Neil Anderson,Denver,Semi-annual
D01504,Peter Davis,Atlanta,Quarterly
D01505,David Johnson,Denver,Quarterly
D01506,Jin Smith,Seattle,Annual
D01507,Omar Thomas,Seattle,Annual
D01508,Ravi Taylor,Seattle,Monthly
D01509,Nora Martinez,Atlanta,Annual
D01510,Fatima Miller,Denver,Quarterly
D01511,Ivy Anderson,Chicago,Semi-annual
D01512,Ravi Lopez,Seattle,Annual
D01513,Marcus Hernandez,Seattle,Annual
D01514,Omar Brown,Denver,Quarterly
D01515,Zoe Moore,Denver,Monthly
D01516,John Anderson,Atlanta,Annual
D01517,Omar Hernandez,Chicago,Annual
D01518,Leah Williams,Dallas,Quarterly
D01519,Sara Smith,Seattle,Annual
D01520,Olga Garcia,Dallas,Quarterly
D01521,Caleb Taylor,Atlanta,Annual
D01522,Nora Johnson,Miami,Semi-annual
D01523,Priya Davis,Dallas,One-time
D01524,Leah Miller,Chicago,Quarterly
D01525,Fatima Martin,Atlanta,Quarterly
D01526,Zoe Johnson,Chicago,Semi-annual
D01527,Olga Jackson,Atlanta,Annual
D01528,Ravi Jones,Chicago,Quarterly
D01529,Leah Martinez,Dallas,Monthly
D01530,Alice Jackson,Seattle,One-time
D01531,Aisha Gonzalez,Miami,Quarterly
D01532,John Hernandez,Atlanta,Annual
D01533,Ivy Smith,Chicago,One-time
D01534,Neil Rodriguez,Miami,Semi-annual
D01535,Diego Taylor,Atlanta,Annual
D01536,Neil Miller,Miami,Annual
D01537,Diego Martinez,Miami,Monthly
D01538,Aisha Anderson,Dallas,One-time
D01539,Sara Anderson,Seattle,Semi-annual
D01540,Peter Martinez,Dallas,Annual
D01541,Olga Smith,Seattle,Monthly
D01542,Peter Williams,Denver,One-time
D01543,Priya Lopez,Seattle,One-time
D01544,Fatima Johnson,Dallas,Annual
D01545,Fatima Rodriguez,Seattle,One-time
D01546,Omar Gonzalez,Dallas,Quarterly
D01547,Priya Williams,Chicago,Monthly
D01548,Olga Anderson,Chicago,Semi-annual
D01549,Ravi Smith,Denver,Semi-annual
D01550,Jin Taylor,Chicago,Quarterly
D01551,Olga Martinez,Denver,Quarterly
D01552,Alice Anderson,Seattle,One-time
D01553,Aisha Martinez,Atlanta,Quarterly
D01554,Jin Smith,Chicago,One-time
D01555,Priya Thomas,Seattle,One-time
D01556,John Lopez,Seattle,Annual
D01557,Marcus Lopez,Chicago,Monthly
D01558,Omar Johnson,Chicago,Monthly
D01559,Peter Garcia,Denver,Semi-annual
D01560,Ivy Thomas,Chicago,Annual
D01561,Olga Smith,Miami,Semi-annual
D01562,Diego Williams,Dallas,Monthly
D01563,Peter Thomas,Miami,Semi-annual
D01564,Neil Martinez,Denver,Semi-annual
D01565,Ravi Wilson,Denver,Semi-annual
D01566,Leah Thomas,Atlanta,Quarterly
D01567,David Johnson,Denver,Annual
D01568,Priya Davis,Chicago,Semi-annual
D01569,Ivy Moore,Chicago,Quarterly
D01570,Priya Moore,Miami,Semi-annual
D01571,Diego Gonzalez,Dallas,One-time
D01572,Olga Jones,Atlanta,Semi-annual
D01573,Jin Hernandez,Chicago,One-time
D01574,Ravi Davis,Miami,One-time
D01575,Neil Miller,Seattle,Quarterly
D01576,Zoe Johnson,Seattle,Quarterly
D01577,John Wilson,Miami,Annual
D01578,John Lopez,Chicago,Annual
D01579,Priya Taylor,Atlanta,Semi-annual
D01580,Peter Moore,Atlanta,Semi-annual
D01581,John Garcia,Seattle,Annual
D01582,Marcus Wilson,Denver,Annual
D01583,David Garcia,Miami,Annual
D01584,Zoe Jackson,Dallas,Quarterly
D01585,Marcus Thomas,Dallas,Annual
D01586,Jin Johnson,Denver,Quarterly
D01587,Olga Lopez,Chicago,Monthly
D01588,David Moore,Seattle,Quarterly
D01589,Ivy Garcia,Chicago,Quarterly
D01590,Diego Jones,Denver,Semi-annual
D01591,Zoe Williams,Chicago,Semi-annual
D01592,John Jackson,Atlanta,Semi-annual
D01593,Sara Martinez,Seattle,Semi-annual
D01594,Jin Jones,Chicago,Semi-annual
D01595,Sara Hernandez,Miami,Quarterly
D01596,Sara Thomas,Seattle,One-time
D01597,Priya Taylor,Denver,One-time
D01598,Sara Gonzalez,Dallas,One-time
D01599,Fatima Johnson,Atlanta,Quarterly
D01600,David Taylor,Dallas,Quarterly
D01601,Marcus Rodriguez,Dallas,Semi-annual
D01602,Sara Moore,Dallas,One-time
D01603,Ivy Garcia,Miami,Monthly
D01604,Olga Williams,Chicago,Quarterly
D01605,Ravi Moore,Denver,Annual
D01606,Alice Johnson,Denver,Semi-annual
D01607,Ivy Gonzalez,Chicago,Semi-annual
D01608,Nora Lopez,Miami,One-time
D01609,Jin Moore,Chicago,One-time
D01610,Zoe Rodriguez,Atlanta,One-time
D01611,Alice Smith,Denver,Quarterly
D01612,Peter Smith,Atlanta,Semi-annual
D01613,Omar Gonzalez,Miami,One-time
D01614,Priya Miller,Chicago,Quarterly
D01615,Zoe Taylor,Denver,Monthly
D01616,Nora Hernandez,Seattle,Semi-annual
D01617,Peter Miller,Chicago,Quarterly
D01618,Neil Wilson,Miami,Annual
D01619,Jin Martin,Denver,One-time
D01620,Fatima Brown,Atlanta,Quarterly
D01621,Sara Williams,Denver,Semi-annual
D01622,Zoe Thomas,Chicago,Annual
D01623,Neil Hernandez,Seattle,Semi-annual
D01624,Caleb Jackson,Miami,One-time
D01625,Olga Taylor,Denver,Quarterly
D01626,Ivy Johnson,Denver,One-time
D01627,Diego Jackson,Seattle,Monthly
D01628,Marcus Miller,Dallas,Semi-annual
D01629,Priya Miller,Chicago,Semi-annual
D01630,Jin Lopez,Seattle,Quarterly
D01631,Zoe Gonzalez,Miami,Annual
D01632,Priya Martinez,Dallas,Semi-annual
D01633,Neil Gonzalez,Denver,Quarterly
D01634,Sara Martin,Atlanta,Semi-annual
D01635,Nora Brown,Denver,One-time
D01636,Leah Thomas,Atlanta,Semi-annual
D01637,Aisha Smith,Chicago,Quarterly
D01638,Ravi Garcia,Dallas,One-time
D01639,Diego Hernandez,Denver,Quarterly
D01640,Olga Hernandez,Seattle,One-time
D01641,David Davis,Denver,Annual
D01642,Olga Miller,Dallas,One-time
D01643,Peter Brown,Seattle,Annual
D01644,Olga Martinez,Chicago,One-time
D01645,Aisha Thomas,Dallas,Semi-annual
D01646,Priya Martin,Chicago,Quarterly
D01647,Jin Lopez,Miami,One-time
D01648,Zoe Miller,Dallas,Monthly
D01649,Jin Martin,Seattle,Annual
D01650,Diego Williams,Dallas,Monthly
D01651,Omar Wilson,Seattle,Monthly
D01652,Nora Garcia,Seattle,Annual
D01653,David Davis,Miami,One-time
D01654,Olga Anderson,Miami,One-time
D01655,Ivy Anderson,Atlanta,Semi-annual
D01656,Peter Lopez,Miami,One-time
D01657,Omar Moore,Chicago,Monthly
D01658,Leah Johnson,Denver,One-time
D01659,Jin Hernandez,Denver,Annual
D01660,Marcus Taylor,Seattle,Monthly
D01661,Sara Gonzalez,Dallas,Monthly
D01662,Nora Smith,Miami,Semi-annual
D01663,Marcus Wilson,Denver,Quarterly
D01664,Olga Jackson,Seattle,Semi-annual
D01665,Marcus Thomas,Dallas,One-time
D01666,Omar Martin,Seattle,Semi-annual
D01667,John Lopez,Chicago,Quarterly
D01668,Jin Jackson,Dallas,Annual
D01669,Marcus Smith,Dallas,One-time
D01670,John Lopez,Seattle,Annual
D01671,Zoe Taylor,Chicago,Annual
D01672,David Johnson,Denver,One-time
D01673,Priya Martin,Chicago,Quarterly
D01674,Diego Gonzalez,Chicago,Monthly
D01675,Neil Gonzalez,Atlanta,Annual
D01676,Sara Brown,Atlanta,Quarterly
D01677,Olga Johnson,Dallas,One-time
D01678,Diego Gonzalez,Dallas,Annual
D01679,Aisha Martin,Miami,Annual
D01680,Caleb Gonzalez,Dallas,One-time
D01681,Omar Martinez,Chicago,One-time
D01682,John Anderson,Seattle,Annual
D01683,Peter Garcia,Dallas,One-time
D01684,Neil Davis,Seattle,Quarterly
D01685,Marcus Garcia,Denver,Quarterly
D01686,Olga Hernandez,Miami,Quarterly
D01687,Marcus Martin,Miami,One-time
D01688,John Jackson,Atlanta,Monthly
D01689,Marcus Brown,Seattle,Semi-annual
D01690,Alice Anderson,Denver,Semi-annual
D01691,Nora Hernandez,Miami,Monthly
D01692,Omar Wilson,Miami,Quarterly
D01693,Sara Davis,Seattle,Monthly
D01694,Zoe Jackson,Chicago,One-time
D01695,Leah Rodriguez,Denver,Semi-annual
D01696,Sara Anderson,Dallas,Semi-annual
D01697,Neil Rodriguez,Seattle,Semi-annual
D01698,Alice Miller,Seattle,Annual
D01699,Fatima Wilson,Seattle,Quarterly
D01700,John Johnson,Denver,Quarterly
D01701,Jin Jackson,Dallas,Semi-annual
D01702,Priya Thomas,Miami,Semi-annual
D01703,Diego Martin,Miami,Annual
D01704,John Jackson,Denver,Annual
D01705,Peter Martinez,Dallas,Quarterly
D01706,John Johnson,Miami,One-time
D01707,Caleb Miller,Denver,Annual
D01708,Diego Rodriguez,Chicago,Monthly
D01709,John Gonzalez,Chicago,Semi-annual
D01710,Diego Garcia,Atlanta,Monthly
D01711,Leah Jackson,Denver,One-time
D01712,Peter Wilson,Denver,One-time
D01713,Nora Gonzalez,Chicago,Monthly
D01714,Alice Martin,Seattle,Semi-annual
D01715,Ravi Hernandez,Dallas,One-time
D01716,Sara Gonzalez,Seattle,Quarterly
D01717,Olga Hernandez,Atlanta,Quarterly
D01718,Priya Martin,Denver,One-time
D01719,Fatima Martin,Atlanta,Monthly
D01720,Neil Wilson,Denver,Quarterly
D01721,Sara Moore,Chicago,Quarterly
D01722,Caleb Anderson,Denver,Annual
D01723,Jin Garcia,Dallas,One-time
D01724,Aisha Williams,Atlanta,Monthly
D01725,Jin Thomas,Denver,Quarterly
D01726,Neil Smith,Denver,One-time
D01727,Ravi Gonzalez,Miami,One-time
D01728,Ravi Brown,Dallas,One-time
D01729,Jin Rodriguez,Denver,Quarterly
D01730,Ivy Johnson,Seattle,Annual
D01731,Sara Thomas,Seattle,Semi-annual
D01732,Jin Smith,Denver,Annual
D01733,Olga Moore,Chicago,Annual
D01734,Marcus Jackson,Denver,Annual
D01735,Jin Anderson,Atlanta,Annual
D01736,Fatima Hernandez,Seattle,Semi-annual
D01737,Nora Rodriguez,Chicago,Annual
D01738,David Davis,Atlanta,Quarterly
D01739,John Smith,Chicago,One-time
D01740,Jin Hernandez,Atlanta,Semi-annual
D01741,Diego Moore,Dallas,Semi-annual
D01742,Nora Wilson,Denver,Semi-annual
D01743,Omar Jones,Seattle,Monthly
D01744,Jin Jones,Seattle,Quarterly
D01745,Fatima Hernandez,Seattle,One-time
D01746,Diego Jackson,Miami,Annual
D01747,Zoe Martinez,Dallas,Monthly
D01748,Omar Miller,Seattle,Semi-annual
D01749,Priya Hernandez,Atlanta,Semi-annual
D01750,Omar Lopez,Miami,Quarterly
D01751,Olga Davis,Atlanta,Monthly
D01752,Ivy Brown,Miami,Quarterly
D01753,Sara Smith,Atlanta,Monthly
D01754,Ivy Williams,Miami,One-time
D01755,Leah Garcia,Dallas,One-time
D01756,Diego Smith,Seattle,One-time
D01757,Neil Rodriguez,Chicago,Semi-annual
D01758,Priya Davis,Dallas,Quarterly
D01759,Peter Lopez,Miami,Monthly
D01760,Olga Garcia,Atlanta,Monthly
D01761,Sara Gonzalez,Atlanta,Annual
D01762,Nora Miller,Denver,One-time
D01763,Nora Martinez,Denver,One-time
D01764,Ravi Jackson,Denver,Quarterly
D01765,Neil Moore,Denver,Semi-annual
D01766,Fatima Brown,Miami,Annual
D01767,Peter Martinez,Atlanta,Quarterly
D01768,Ivy Taylor,Chicago,Annual
D01769,David Williams,Miami,Annual
D01770,Neil Brown,Chicago,Semi-annual
D01771,Peter Martin,Dallas,Quarterly
D01772,Diego Hernandez,Atlanta,Annual
D01773,Sara Williams,Denver,Quarterly
D01774,Ivy Moore,Dallas,Monthly
D01775,Alice Lopez,Miami,Monthly
D01776,Fatima Miller,Dallas,Annual
D01777,Neil Williams,Miami,One-time
D01778,David Garcia,Miami,One-time
D01779,Fatima Martin,Denver,Monthly
D01780,Peter Rodriguez,Atlanta,Semi-annual
D01781,Zoe Anderson,Dallas,Quarterly
D01782,Fatima Taylor,Chicago,One-time
D01783,David Johnson,Seattle,Annual
D01784,Peter Thomas,Miami,One-time
D01785,Fatima Lopez,Miami,Annual
D01786,Peter Martin,Atlanta,Monthly
D01787,Fatima Davis,Miami,Semi-annual
D01788,Aisha Garcia,Miami,Monthly
D01789,Neil Davis,Dallas,Monthly
D01790,Peter Lopez,Dallas,One-time
D01791,Jin Moore,Denver,Quarterly
D01792,Omar Martinez,Denver,Semi-annual
D01793,Aisha Johnson,Chicago,Annual
D01794,David Garcia,Dallas,Monthly
D01795,Neil Williams,Dallas,One-time
D01796,Olga Moore,Seattle,Semi-annual
D01797,Nora Lopez,Seattle,One-time
D01798,Nora Brown,Dallas,One-time
D01799,Leah Moore,Dallas,Semi-annual
D01800,Nora Garcia,Denver,Annual
D01801,Jin Garcia,Miami,One-time
D01802,Olga Rodriguez,Miami,One-time
D01803,David Brown,Dallas,One-time
D01804,Aisha Garcia,Seattle,One-time
D01805,Marcus Jackson,Atlanta,One-time
D01806,Omar Johnson,Atlanta,Monthly
D01807,Alice Brown,Seattle,One-time
D01808,Ivy Martin,Miami,Semi-annual
D01809,Sara Gonzalez,Miami,Annual
D01810,Sara Wilson,Chicago,Semi-annual
D01811,Alice Anderson,Dallas,Monthly
D01812,Neil Jackson,Chicago,Quarterly
D01813,Peter Hernandez,Miami,Annual
D01814,Ravi Lopez,Atlanta,Annual
D01815,Fatima Moore,Atlanta,Annual
D01816,Leah Moore,Miami,One-time
D01817,Aisha Lopez,Miami,Monthly
D01818,Omar Anderson,Atlanta,Annual
D01819,Caleb Gonzalez,Dallas,One-time
D01820,Nora Garcia,Chicago,Semi-annual
D01821,Diego Rodriguez,Seattle,Monthly
D01822,Nora Thomas,Dallas,Monthly
D01823,Diego Anderson,Dallas,Annual
D01824,Leah Anderson,Denver,One-time
D01825,Jin Johnson,Dallas,Monthly
D01826,David Lopez,Dallas,Annual
D01827,David Jackson,Denver,Semi-annual
D01828,Leah Taylor,Chicago,Quarterly
D01829,Priya Jackson,Chicago,Semi-annual
D01830,Aisha Williams,Chicago,One-time
D01831,Ivy Smith,Seattle,Monthly
D01832,Marcus Davis,Miami,Quarterly
D01833,Jin Brown,Chicago,Quarterly
D01834,Priya Garcia,Chicago,One-time
D01835,David Jackson,Atlanta,Monthly
D01836,Aisha Taylor,Chicago,Monthly
D01837,John Hernandez,Seattle,Annual
D01838,Diego Miller,Chicago,Quarterly
D01839,Fatima Jones,Miami,Semi-annual
D01840,Ivy Garcia,Atlanta,Annual
D01841,Diego Rodriguez,Chicago,Quarterly
D01842,Neil Miller,Miami,Monthly
D01843,Alice Martinez,Miami,Monthly
D01844,John Smith,Denver,One-time
D01845,Marcus Martin,Dallas,Semi-annual
D01846,Ivy Martinez,Dallas,Semi-annual
D01847,Alice Rodriguez,Seattle,Semi-annual
D01848,Alice Martin,Chicago,Annual
D01849,Ravi Lopez,Miami,Annual
D01850,David Martinez,Seattle,Quarterly
D01851,Aisha Lopez,Atlanta,Quarterly
D01852,Priya Garcia,Atlanta,One-time
D01853,Nora Miller,Denver,One-time
D01854,Omar Lopez,Miami,Quarterly
D01855,David Hernandez,Dallas,One-time
D01856,David Hernandez,Atlanta,Quarterly
D01857,Marcus Anderson,Seattle,Annual
D01858,Alice Hernandez,Miami,Semi-annual
D01859,Priya Davis,Dallas,Annual
D01860,Alice Smith,Atlanta,Quarterly
D01861,Caleb Taylor,Chicago,Annual
D01862,Olga Garcia,Seattle,Quarterly
D01863,Diego Wilson,Dallas,Annual
D01864,Olga Garcia,Chicago,Monthly
D01865,Diego Jackson,Atlanta,One-time
D01866,Neil Wilson,Chicago,Quarterly
D01867,Leah Lopez,Denver,One-time
D01868,Nora Smith,Miami,Semi-annual
D01869,Leah Taylor,Seattle,One-time
D01870,Omar Williams,Atlanta,One-time
D01871,Zoe Gonzalez,Seattle,Quarterly
D01872,Peter Taylor,Seattle,Monthly
D01873,Fatima Thomas,Denver,Annual
D01874,Leah Gonzalez,Miami,Semi-annual
D01875,Omar Johnson,Denver,Monthly
D01876,Omar Davis,Atlanta,Semi-annual
D01877,Alice Moore,Denver,Quarterly
D01878,Marcus Lopez,Chicago,One-time
D01879,Leah Taylor,Atlanta,Quarterly
D01880,Jin Davis,Atlanta,Annual
D01881,Caleb Garcia,Denver,One-time
D01882,Fatima Jackson,Miami,Monthly
D01883,Sara Jackson,Denver,Annual
D01884,David Anderson,Miami,Annual
D01885,Ivy Lopez,Seattle,Annual
D01886,Peter Martin,Denver,Semi-annual
D01887,Neil Hernandez,Atlanta,Semi-annual
D01888,Leah Martin,Dallas,One-time
D01889,Ravi Brown,Atlanta,Annual
D01890,Ravi Moore,Seattle,Monthly
D01891,Neil Taylor,Chicago,Annual
D01892,Leah Martinez,Denver,One-time
D01893,Ivy Gonzalez,Seattle,Monthly
D01894,Peter Moore,Denver,One-time
D01895,Leah Anderson,Chicago,One-time
D01896,Peter Brown,Miami,Semi-annual
D01897,Fatima Moore,Miami,Monthly
D01898,Alice Garcia,Chicago,Semi-annual
D01899,Alice Williams,Miami,Monthly
D01900,Zoe Garcia,Denver,Annual
D01901,Sara Williams,Chicago,Annual
D01902,Caleb Gonzalez,Dallas,Annual
D01903,Leah Gonzalez,Chicago,One-time
D01904,Olga Johnson,Chicago,One-time
D01905,Zoe Wilson,Dallas,One-time
D01906,Alice Hernandez,Atlanta,One-time
D01907,Sara Johnson,Chicago,Monthly
D01908,Ravi Garcia,Denver,Semi-annual
D01909,Alice Johnson,Chicago,Quarterly
D01910,Neil Davis,Dallas,One-time
D01911,John Brown,Atlanta,Quarterly
D01912,Ivy Lopez,Atlanta,Quarterly
D01913,Sara Johnson,Miami,One-time
D01914,Caleb Davis,Atlanta,One-time
D01915,Neil Smith,Denver,One-time
D01916,Aisha Garcia,Seattle,One-time
D01917,Ravi Jones,Atlanta,Annual
D01918,Zoe Rodriguez,Miami,One-time
D01919,Priya Brown,Seattle,Annual
D01920,Peter Jackson,Seattle,Monthly
D01921,Caleb Johnson,Chicago,One-time
D01922,Alice Taylor,Chicago,Quarterly
D01923,Sara Smith,Chicago,One-time
D01924,Zoe Wilson,Seattle,Semi-annual
D01925,Aisha Martin,Denver,Monthly
D01926,Nora Smith,Seattle,Monthly
D01927,John Miller,Atlanta,Annual
D01928,Fatima Davis,Denver,Annual
D01929,Jin Smith,Miami,Monthly
D01930,Aisha Anderson,Atlanta,Semi-annual
D01931,Caleb Martin,Dallas,Annual
D01932,John Martin,Dallas,Semi-annual
D01933,Diego Gonzalez,Denver,Semi-annual
D01934,John Wilson,Miami,One-time
D01935,John Jackson,Miami,Annual
D01936,Zoe Moore,Atlanta,One-time
D01937,Ivy Davis,Chicago,Semi-annual
D01938,Ivy Garcia,Atlanta,Annual
D01939,Marcus Hernandez,Dallas,One-time
D01940,Olga Gonzalez,Atlanta,Quarterly
D01941,Peter Gonzalez,Miami,One-time
D01942,Aisha Williams,Atlanta,Annual
D01943,Marcus Lopez,Denver,Annual
D01944,Sara Anderson,Seattle,Quarterly
D01945,David Miller,Dallas,Monthly
D01946,John Gonzalez,Miami,Monthly
D01947,Jin Martin,Miami,Quarterly
D01948,Marcus Davis,Denver,Quarterly
D01949,Neil Moore,Atlanta,Annual
D01950,Alice Brown,Seattle,Quarterly
D01951,David Davis,Miami,Semi-annual
D01952,Nora Brown,Atlanta,Monthly
D01953,Neil Wilson,Denver,Monthly
D01954,Diego Taylor,Chicago,Semi-annual
D01955,Zoe Davis,Miami,Semi-annual
D01956,Ravi Miller,Dallas,Semi-annual
D01957,Zoe Moore,Seattle,One-time
D01958,Jin Miller,Denver,Monthly
D01959,Fatima Taylor,Chicago,One-time
D01960,Diego Hernandez,Seattle,Annual
D01961,Caleb Brown,Denver,Quarterly
D01962,Diego Garcia,Seattle,One-time
D01963,Ravi Brown,Denver,Quarterly
D01964,David Garcia,Miami,Quarterly
D01965,Sara Gonzalez,Denver,Monthly
D01966,Zoe Wilson,Atlanta,Quarterly
D01967,Diego Hernandez,Denver,Monthly
D01968,Omar Martinez,Seattle,Semi-annual
D01969,Sara Gonzalez,Denver,Monthly
D01970,Caleb Taylor,Chicago,Quarterly
D01971,Diego Jones,Chicago,Annual
D01972,Alice Rodriguez,Dallas,Annual
D01973,Nora Smith,Chicago,One-time
D01974,Neil Garcia,Miami,Monthly
D01975,Nora Brown,Seattle,Quarterly
D01976,Nora Martinez,Atlanta,Annual
D01977,Nora Williams,Atlanta,Semi-annual
D01978,Nora Thomas,Chicago,Semi-annual
D01979,John Williams,Seattle,Semi-annual
D01980,Priya Wilson,Atlanta,Semi-annual
D01981,Sara Rodriguez,Seattle,One-time
D01982,Zoe Lopez,Atlanta,Semi-annual
D01983,Neil Hernandez,Atlanta,Semi-annual
D01984,Jin Wilson,Atlanta,One-time
D01985,Ivy Jackson,Dallas,One-time
D01986,Olga Miller,Dallas,One-time
D01987,Sara Martin,Denver,Monthly
D01988,Omar Hernandez,Denver,Annual
D01989,Marcus Williams,Atlanta,Quarterly
D01990,Fatima Thomas,Miami,One-time
D01991,Priya Davis,Atlanta,Monthly
D01992,Omar Taylor,Denver,Quarterly
D01993,Peter Anderson,Denver,Monthly
D01994,David Jones,Chicago,Semi-annual
D01995,Leah Jackson,Miami,Quarterly
D01996,Marcus Garcia,Chicago,Monthly
D01997,Omar Martin,Atlanta,Quarterly
D01998,David Martinez,Seattle,Semi-annual
D01999,Ravi Johnson,Dallas,One-time
D02000,Aisha Hernandez,Dallas,One-time
