youth_id,name,age,grade
Y0001,Isabella Williams,14,6
Y0002,James Moore,15,10
Y0003,Lucas Gonzalez,12,8
Y0004,Liam Lopez,15,10
Y0005,Abigail Jones,15,5
Y0006,Abigail Jackson,8,10
Y0007,Evelyn Lopez,17,10
Y0008,Mason Martinez,16,10
Y0009,Mason Martin,10,7
Y0010,Logan Johnson,18,8
Y0011,Mason Anderson,17,8
Y0012,Aiden Johnson,12,8
Y0013,Noah Davis,15,8
Y0014,Emma Taylor,18,12
Y0015,Ava Hernandez,18,7
Y0016,Aiden Brown,11,11
Y0017,Amelia Miller,14,11
Y0018,Elijah Rodriguez,18,11
Y0019,Logan Taylor,10,7
Y0020,Logan Smith,10,5
Y0021,Mia Martinez,18,12
Y0022,Ava Williams,11,6
Y0023,Lucas Jones,15,5
Y0024,Logan Moore,11,10
Y0025,Amelia Davis,17,9
Y0026,Harper Hernandez,15,4
Y0027,James Lopez,14,4
Y0028,Mia Taylor,10,8
Y0029,Emma Jones,8,8
Y0030,Sophia Davis,8,11
Y0031,Logan Williams,10,3
Y0032,Aiden Lopez,8,3
Y0033,Amelia Anderson,18,5
Y0034,Jackson Brown,18,12
Y0035,Lucas Lopez,17,7
Y0036,Elijah Williams,15,7
Y0037,Olivia Lopez,10,11
Y0038,Aiden Miller,16,3
Y0039,Emma Moore,8,4
Y0040,Olivia Garcia,15,12
Y0041,Noah Hernandez,11,3
Y0042,James Johnson,9,5
Y0043,Sophia Davis,13,3
Y0044,Aiden Gonzalez,14,7
Y0045,Jackson Brown,10,4
Y0046,Noah Lopez,8,9
Y0047,Ethan Hernandez,18,11
Y0048,Jackson Martin,9,4
Y0049,Jackson Lopez,11,9
Y0050,Aiden Davis,10,7
Y0051,Noah Williams,10,4
Y0052,Aiden Taylor,16,12
Y0053,Abigail Brown,14,10
Y0054,Jackson Johnson,14,8
Y0055,Olivia Thomas,16,5
Y0056,Ethan Williams,9,9
Y0057,Isabella Jones,15,4
Y0058,Mason Lopez,16,6
Y0059,Amelia Jones,8,10
Y0060,Aiden Moore,18,3
Y0061,Harper Moore,13,3
Y0062,Mia Martin,18,4
Y0063,Aiden Hernandez,18,5
Y0064,Amelia Smith,16,3
Y0065,Lucas Davis,9,3
Y0066,Logan Lopez,17,5
Y0067,Amelia Johnson,9,3
Y0068,Mia Gonzalez,14,4
Y0069,Lucas Jackson,8,8
Y0070,Noah Anderson,9,5
Y0071,James Rodriguez,16,5
Y0072,Emma Jones,13,7
Y0073,Elijah Martin,9,3
Y0074,Harper Martin,13,11
Y0075,Noah Garcia,18,10
Y0076,Lucas Williams,10,11
Y0077,Liam Hernandez,12,4
Y0078,Liam Martin,18,6
Y0079,Mason Miller,14,3
Y0080,Ethan Rodriguez,15,8
Y0081,Harper Thomas,12,11
Y0082,Emma Johnson,11,11
Y0083,Lucas Jones,11,4
Y0084,Mia Gonzalez,12,12
Y0085,Elijah Martin,18,11
Y0086,Evelyn Johnson,12,6
Y0087,Ava Martinez,18,7
Y0088,Mia Lopez,13,12
Y0089,Elijah Gonzalez,15,3
Y0090,Ava Anderson,11,12
Y0091,Harper Thomas,18,7
Y0092,Elijah Thomas,11,4
Y0093,Amelia Martinez,14,11
Y0094,Isabella Brown,18,9
Y0095,Emma Williams,15,12
Y0096,Olivia Martin,12,10
Y0097,Olivia Wilson,18,11
Y0098,Liam Williams,10,6
Y0099,Mia Garcia,12,4
Y0100,Emma Jackson,14,8
Y0101,Sophia Jackson,16,7
Y0102,Olivia Martin,18,3
Y0103,Emma Williams,12,5
Y0104,Evelyn Martin,15,5
Y0105,James Johnson,17,10
Y0106,Abigail Hernandez,17,3
Y0107,Mia Thomas,18,11
Y0108,Ava Martin,18,12
Y0109,Olivia Thomas,17,10
Y0110,Emma Hernandez,16,8
Y0111,Jackson Brown,16,10
Y0112,Harper Martinez,11,11
Y0113,Abigail Wilson,16,3
Y0114,Emma Taylor,18,3
Y0115,Lucas Wilson,11,11
Y0116,James Martinez,18,4
Y0117,Isabella Miller,9,4
Y0118,Emma Smith,10,3
Y0119,Harper Hernandez,12,4
Y0120,Ethan Brown,17,5
Y0121,Mason Miller,16,6
Y0122,Sophia Taylor,16,7
Y0123,Lucas Thomas,8,5
Y0124,Amelia Jones,12,11
Y0125,Mia Hernandez,17,4
Y0126,Aiden Martinez,9,8
Y0127,Jackson Johnson,12,12
Y0128,Mason Martinez,17,8
Y0129,Abigail Martinez,18,5
Y0130,Olivia Martin,13,11
Y0131,Olivia Gonzalez,12,10
Y0132,Ethan Smith,13,4
Y0133,Logan Garcia,17,3
Y0134,Isabella Anderson,15,8
Y0135,Mason Jones,13,10
Y0136,Logan Martin,10,11
Y0137,Logan Gonzalez,8,9
Y0138,Harper Jones,10,12
Y0139,Olivia Martin,8,3
Y0140,Liam Hernandez,17,11
Y0141,Mia Hernandez,17,5
Y0142,Amelia Miller,13,4
Y0143,Ethan Davis,15,3
Y0144,Jackson Gonzalez,14,5
Y0145,Liam Taylor,18,12
Y0146,Liam Lopez,11,10
Y0147,Sophia Anderson,8,5
Y0148,Elijah Martinez,15,4
Y0149,Abigail Jackson,11,10
Y0150,Jackson Moore,8,4
Y0151,Mia Martinez,18,5
Y0152,Mia Wilson,16,8
Y0153,Abigail Johnson,14,8
Y0154,Harper Taylor,17,6
Y0155,Amelia Rodriguez,8,10
Y0156,Noah Gonzalez,9,4
Y0157,Amelia Smith,10,5
Y0158,Liam Smith,12,8
Y0159,Olivia Anderson,10,9
Y0160,Harper Williams,16,8
Y0161,Sophia Martin,13,12
Y0162,Sophia Martinez,17,8
Y0163,James Thomas,11,7
Y0164,Harper Thomas,10,4
Y0165,Ethan Jackson,15,10
Y0166,Emma Wilson,11,9
Y0167,Liam Rodriguez,16,3
Y0168,Ava Garcia,14,7
Y0169,Emma Smith,18,3
Y0170,Harper Garcia,9,8
Y0171,Amelia Thomas,8,4
Y0172,Mason Hernandez,18,7
Y0173,James Martin,14,6
Y0174,Elijah Brown,18,12
Y0175,Liam Martin,8,6
Y0176,Harper Thomas,11,8
Y0177,Jackson Miller,14,7
Y0178,Olivia Williams,16,9
Y0179,Liam Thomas,15,11
Y0180,Harper Jones,9,8
Y0181,Noah Hernandez,18,4
Y0182,Evelyn Williams,15,11
Y0183,Aiden Gonzalez,18,6
Y0184,Lucas Williams,14,6
Y0185,Aiden Anderson,10,8
Y0186,Ava Jones,15,5
Y0187,Liam Taylor,11,3
Y0188,Amelia Martinez,18,12
Y0189,Abigail Anderson,15,7
Y0190,Olivia Martinez,11,3
Y0191,Abigail Davis,13,5
Y0192,Amelia Smith,14,7
Y0193,James Garcia,15,12
Y0194,Noah Moore,8,12
Y0195,Abigail Martin,16,4
Y0196,Lucas Moore,18,7
Y0197,Lucas Jones,12,6
Y0198,Aiden Rodriguez,10,12
Y0199,Logan Thomas,8,12
Y0200,Noah Hernandez,17,8
Y0201,Ava Brown,11,11
Y0202,Olivia Williams,17,7
Y0203,Noah Hernandez,15,9
Y0204,James Moore,11,4
Y0205,Ethan Johnson,16,11
Y0206,Noah Moore,18,8
Y0207,Harper Anderson,11,9
Y0208,Noah Martin,15,7
Y0209,Noah Hernandez,14,9
Y0210,Abigail Gonzalez,12,10
Y0211,Elijah Hernandez,9,11
Y0212,Jackson Lopez,10,11
Y0213,Emma Garcia,12,8
Y0214,Elijah Brown,11,10
Y0215,Ava Hernandez,17,5
Y0216,Noah Johnson,12,4
Y0217,Ethan Brown,13,3
Y0218,Elijah Jackson,14,5
Y0219,Mia Martin,17,5
Y0220,Ava Rodriguez,9,5
Y0221,Mason Hernandez,11,8
Y0222,Harper Hernandez,18,3
Y0223,Amelia Johnson,18,9
Y0224,Olivia Williams,16,8
Y0225,Olivia Rodriguez,10,4
Y0226,Lucas Jackson,8,12
Y0227,Ethan Hernandez,16,8
Y0228,Ava Garcia,9,7
Y0229,Isabella Davis,12,8
Y0230,Noah Williams,13,11
Y0231,Jackson Jones,16,10
Y0232,Isabella Lopez,14,4
Y0233,Ava Jackson,18,9
Y0234,Harper Hernandez,9,10
Y0235,Liam Williams,10,12
Y0236,Elijah Brown,14,7
Y0237,Noah Moore,12,11
Y0238,Mia Rodriguez,11,4
Y0239,Jackson Rodriguez,12,9
Y0240,Liam Jones,13,12
Y0241,Aiden Martinez,12,3
Y0242,James Miller,16,8
Y0243,Ava Jackson,15,6
Y0244,Liam Garcia,9,12
Y0245,Lucas Lopez,9,12
Y0246,Evelyn Garcia,15,11
Y0247,Emma Davis,12,11
Y0248,James Rodriguez,11,7
Y0249,Logan Taylor,12,4
Y0250,Isabella Jones,8,12
Y0251,Elijah Jackson,14,3
Y0252,Mia Martinez,13,9
Y0253,Emma Anderson,11,4
Y0254,James Hernandez,13,12
Y0255,James Jones,14,9
Y0256,Sophia Williams,11,7
Y0257,Liam Smith,16,6
Y0258,Isabella Taylor,16,5
Y0259,Aiden Martinez,10,10
Y0260,Liam Anderson,18,11
Y0261,Amelia Hernandez,18,6
Y0262,Evelyn Gonzalez,17,11
Y0263,Evelyn Jones,9,3
Y0264,James Thomas,16,9
Y0265,Emma Jones,12,7
Y0266,Jackson Wilson,14,3
Y0267,Abigail Davis,9,3
Y0268,Ava Smith,10,3
Y0269,Jackson Anderson,18,6
Y0270,Abigail Lopez,12,9
Y0271,Noah Martinez,12,7
Y0272,Sophia Lopez,16,10
Y0273,Mia Wilson,18,9
Y0274,Abigail Moore,8,6
Y0275,Abigail Anderson,9,9
Y0276,Emma Jones,14,10
Y0277,Lucas Garcia,8,9
Y0278,Elijah Martinez,8,10
Y0279,Amelia Thomas,9,9
Y0280,Ethan Williams,15,9
Y0281,Mason Martinez,14,4
Y0282,Harper Garcia,8,12
Y0283,Logan Hernandez,12,9
Y0284,Emma Johnson,8,9
Y0285,Aiden Smith,9,12
Y0286,Elijah Rodriguez,18,6
Y0287,Abigail Moore,11,12
Y0288,Abigail Smith,13,11
Y0289,Harper Gonzalez,16,6
Y0290,Isabella Wilson,13,6
Y0291,Aiden Martin,9,7
Y0292,Evelyn Martinez,17,9
Y0293,Jackson Garcia,17,8
Y0294,Noah Jackson,17,4
Y0295,Mia Smith,9,8
Y0296,Jackson Hernandez,11,7
Y0297,Abigail Davis,16,6
Y0298,Ethan Moore,16,11
Y0299,Elijah Moore,16,6
Y0300,Aiden Brown,10,3
Y0301,Isabella Brown,15,5
Y0302,Elijah Johnson,18,5
Y0303,Olivia Miller,12,8
Y0304,Emma Wilson,15,5
Y0305,Aiden Johnson,17,8
Y0306,Elijah Martinez,8,6
Y0307,Isabella Brown,9,9
Y0308,Logan Lopez,15,7
Y0309,Logan Lopez,18,11
Y0310,Mia Miller,17,10
Y0311,Evelyn Davis,13,10
Y0312,Elijah Smith,13,4
Y0313,Logan Hernandez,10,3
Y0314,Amelia Lopez,9,11
Y0315,Jackson Williams,16,7
Y0316,Liam Rodriguez,16,3
Y0317,Aiden Brown,10,12
Y0318,Ava Williams,14,12
Y0319,Jackson Johnson,9,4
Y0320,Lucas Taylor,14,5
Y0321,Mia Anderson,8,6
Y0322,Aiden Taylor,16,4
Y0323,Olivia Gonzalez,13,3
Y0324,Logan Taylor,15,3
Y0325,Abigail Anderson,12,10
Y0326,Elijah Garcia,15,9
Y0327,Sophia Davis,13,9
Y0328,Evelyn Wilson,15,6
Y0329,Liam Jones,9,5
Y0330,Sophia Thomas,10,12
Y0331,Aiden Miller,8,11
Y0332,Aiden Thomas,8,6
Y0333,Ava Williams,9,11
Y0334,Logan Lopez,15,7
Y0335,Mia Davis,17,3
Y0336,Emma Hernandez,14,6
Y0337,Mason Smith,18,6
Y0338,Aiden Smith,11,10
Y0339,Logan Brown,8,10
Y0340,Ava Rodriguez,12,5
Y0341,Lucas Miller,17,9
Y0342,Abigail Wilson,14,10
Y0343,Mason Smith,11,9
Y0344,Mia Garcia,14,12
Y0345,Abigail Garcia,8,12
Y0346,Isabella Brown,14,10
Y0347,Olivia Davis,9,12
Y0348,Harper Anderson,17,9
Y0349,Aiden Johnson,10,6
Y0350,Olivia Moore,18,9
Y0351,Amelia Johnson,9,11
Y0352,Ava Gonzalez,14,4
Y0353,Ava Martin,16,9
Y0354,Amelia Martin,15,5
Y0355,Liam Johnson,17,9
Y0356,Abigail Miller,12,9
Y0357,Mason Thomas,18,4
Y0358,Harper Miller,8,7
Y0359,Evelyn Thomas,9,3
Y0360,Lucas Wilson,12,4
Y0361,Liam Gonzalez,10,8
Y0362,Ava Thomas,16,12
Y0363,Liam Smith,15,10
Y0364,Olivia Lopez,16,3
Y0365,Harper Jones,14,10
Y0366,Mason Martinez,15,7
Y0367,Ava Johnson,18,4
Y0368,Noah Moore,12,3
Y0369,Mason Miller,14,10
Y0370,Lucas Gonzalez,15,6
Y0371,Noah Martinez,15,9
Y0372,Ethan Jones,9,7
Y0373,Harper Moore,12,5
Y0374,Liam Garcia,13,3
Y0375,Elijah Brown,8,6
Y0376,Aiden Wilson,9,12
Y0377,Emma Hernandez,9,6
Y0378,Lucas Davis,14,11
Y0379,Noah Miller,13,5
Y0380,Liam Gonzalez,11,8
Y0381,Lucas Lopez,16,10
Y0382,Logan Anderson,10,5
Y0383,Jackson Smith,15,6
Y0384,Olivia Hernandez,15,7
Y0385,Aiden Rodriguez,15,6
Y0386,James Wilson,13,11
Y0387,Noah Martinez,14,8
Y0388,Logan Jones,16,6
Y0389,Sophia Smith,17,10
Y0390,Abigail Hernandez,11,12
Y0391,Jackson Jones,12,8
Y0392,Isabella Hernandez,11,7
Y0393,Abigail Smith,16,8
Y0394,Sophia Miller,9,7
Y0395,Logan Garcia,12,4
Y0396,Jackson Hernandez,14,7
Y0397,Emma Rodriguez,15,3
Y0398,Harper Williams,17,11
Y0399,Sophia Gonzalez,16,4
Y0400,Ava Anderson,17,6
Y0401,Liam Anderson,8,6
Y0402,Ava Anderson,11,10
Y0403,Sophia Davis,17,5
Y0404,Aiden Thomas,18,10
Y0405,Emma Gonzalez,10,8
Y0406,Logan Taylor,11,4
Y0407,Evelyn Miller,15,12
Y0408,Liam Rodriguez,17,4
Y0409,Aiden Wilson,18,11
Y0410,Olivia Jackson,13,3
Y0411,Isabella Taylor,13,5
Y0412,Emma Rodriguez,16,11
Y0413,Harper Wilson,10,6
Y0414,Isabella Wilson,10,5
Y0415,Abigail Miller,15,4
Y0416,Mia Jackson,13,3
Y0417,Elijah Miller,13,11
Y0418,Amelia Martin,16,6
Y0419,James Brown,8,3
Y0420,Liam Hernandez,10,8
Y0421,Harper Thomas,11,8
Y0422,Mason Smith,16,4
Y0423,Aiden Brown,11,3
Y0424,Olivia Hernandez,9,10
Y0425,Abigail Anderson,9,8
Y0426,Aiden Taylor,17,3
Y0427,Lucas Jackson,15,12
Y0428,Mason Martin,13,12
Y0429,Liam Thomas,10,5
Y0430,Sophia Rodriguez,9,10
Y0431,Sophia Taylor,11,10
Y0432,Mason Lopez,13,8
Y0433,Ava Moore,14,8
Y0434,Sophia Anderson,9,3
Y0435,James Davis,9,4
Y0436,Harper Anderson,10,12
Y0437,James Lopez,10,5
Y0438,Lucas Johnson,17,11
Y0439,Abigail Garcia,18,5
Y0440,Olivia Martinez,14,12
Y0441,Ava Martinez,16,5
Y0442,Ethan Johnson,17,7
Y0443,Isabella Jones,8,4
Y0444,Sophia Anderson,15,5
Y0445,Lucas Moore,9,11
Y0446,Ava Thomas,17,4
Y0447,Liam Davis,16,4
Y0448,Ethan Thomas,9,5
Y0449,Noah Hernandez,16,8
Y0450,Aiden Moore,10,11
Y0451,Olivia Miller,12,4
Y0452,Evelyn Moore,15,5
Y0453,Evelyn Wilson,10,9
Y0454,Noah Taylor,15,10
Y0455,Ava Smith,16,9
Y0456,Logan Miller,16,4
Y0457,Ava Miller,17,4
Y0458,Olivia Miller,9,11
Y0459,Mason Martin,11,4
Y0460,Mia Anderson,18,6
Y0461,Elijah Martin,11,7
Y0462,Liam Smith,13,6
Y0463,Abigail Jones,10,12
Y0464,Olivia Brown,8,6
Y0465,Amelia Jones,8,3
Y0466,Harper Johnson,15,10
Y0467,Evelyn Martin,11,7
Y0468,Isabella Thomas,17,12
Y0469,Amelia Wilson,15,11
Y0470,Evelyn Lopez,13,12
Y0471,Logan Martinez,12,6
Y0472,Harper Hernandez,15,3
Y0473,Logan Thomas,15,11
Y0474,Evelyn Gonzalez,18,7
Y0475,Sophia Jones,18,4
Y0476,Harper Anderson,10,12
Y0477,Noah Lopez,18,7
Y0478,Amelia Davis,17,8
Y0479,Olivia Miller,8,7
Y0480,Emma Moore,9,9
Y0481,Ethan Johnson,11,12
Y0482,Emma Johnson,8,4
Y0483,James Jackson,17,5
Y0484,Liam Smith,18,10
Y0485,James Miller,9,12
Y0486,Isabella Brown,15,3
Y0487,Jackson Brown,12,7
Y0488,Abigail Lopez,16,10
Y0489,Mason Gonzalez,15,3
Y0490,Evelyn Johnson,16,11
Y0491,Harper Martin,14,5
Y0492,Harper Wilson,12,9
Y0493,Olivia Thomas,12,8
Y0494,Olivia Lopez,11,11
Y0495,Evelyn Jones,18,7
Y0496,Aiden Williams,16,11
Y0497,Evelyn Rodriguez,12,11
Y0498,Elijah Miller,9,11
Y0499,Noah Wilson,13,12
Y0500,Amelia Hernandez,10,10
Y0501,Mason Davis,10,10
Y0502,Emma Smith,13,6
Y0503,Noah Gonzalez,17,6
Y0504,Elijah Jones,10,3
Y0505,James Hernandez,16,3
Y0506,Sophia Taylor,13,8
Y0507,Sophia Hernandez,15,3
Y0508,Jackson Davis,16,8
Y0509,Noah Martinez,13,9
Y0510,Amelia Brown,11,7
Y0511,Ethan Davis,8,11
Y0512,Aiden Lopez,15,4
Y0513,Harper Jones,13,6
Y0514,Amelia Anderson,13,7
Y0515,Ethan Anderson,13,10
Y0516,Logan Johnson,9,10
Y0517,Olivia Smith,9,8
Y0518,Jackson Wilson,8,3
Y0519,Lucas Johnson,13,10
Y0520,Mia Hernandez,10,3
Y0521,Emma Martinez,16,8
Y0522,Mia Lopez,17,11
Y0523,Logan Gonzalez,18,5
Y0524,Liam Garcia,14,4
Y0525,Noah Davis,12,10
Y0526,Elijah Miller,11,9
Y0527,Mason Rodriguez,12,7
Y0528,Harper Wilson,13,9
Y0529,Elijah Taylor,9,5
Y0530,Mia Jackson,10,7
Y0531,James Jones,15,10
Y0532,Noah Smith,16,11
Y0533,Harper Brown,13,3
Y0534,Noah Wilson,10,4
Y0535,Noah Thomas,8,12
Y0536,Logan Rodriguez,13,9
Y0537,Logan Smith,17,6
Y0538,Liam Wilson,18,12
Y0539,Liam Wilson,16,10
Y0540,Sophia Davis,18,10
Y0541,Evelyn Martin,14,8
Y0542,Olivia Miller,15,8
Y0543,Liam Moore,18,6
Y0544,Abigail Martin,9,5
Y0545,Amelia Garcia,8,8
Y0546,Logan Thomas,11,8
Y0547,Emma Brown,16,7
Y0548,Olivia Lopez,16,10
Y0549,Lucas Gonzalez,10,7
Y0550,Evelyn Williams,18,4
Y0551,Amelia Williams,14,8
Y0552,Liam Taylor,9,9
Y0553,Mason Jackson,8,7
Y0554,Abigail Davis,9,5
Y0555,Ava Jones,16,10
Y0556,Evelyn Jones,9,3
Y0557,Ava Lopez,12,3
Y0558,Aiden Smith,18,7
Y0559,Jackson Smith,12,4
Y0560,Mason Hernandez,14,9
Y0561,Harper Martin,13,5
Y0562,Jackson Garcia,18,10
Y0563,Abigail Jackson,8,4
Y0564,Jackson Lopez,11,4
Y0565,Noah Garcia,15,9
Y0566,James Taylor,13,3
Y0567,Amelia Martinez,15,8
Y0568,Jackson Martin,15,3
Y0569,Mason Smith,13,3
Y0570,Noah Johnson,12,7
Y0571,Liam Martin,12,4
Y0572,Evelyn Rodriguez,17,7
Y0573,Jackson Jackson,11,12
Y0574,Jackson Anderson,8,7
Y0575,Evelyn Williams,15,5
Y0576,Jackson Williams,10,9
Y0577,Liam Martin,13,11
Y0578,Ava Gonzalez,16,10
Y0579,Sophia Johnson,13,10
Y0580,Jackson Jones,16,8
Y0581,Jackson Martinez,11,12
Y0582,Lucas Hernandez,8,12
Y0583,Liam Williams,8,5
Y0584,Harper Anderson,18,3
Y0585,Elijah Jones,16,12
Y0586,Amelia Williams,17,9
Y0587,Mason Williams,16,3
Y0588,Liam Gonzalez,9,6
Y0589,Olivia Wilson,15,11
Y0590,Logan Miller,8,6
Y0591,Aiden Wilson,8,7
Y0592,Liam Miller,10,4
Y0593,Lucas Martin,14,9
Y0594,Abigail Gonzalez,10,11
Y0595,Lucas Jones,18,11
Y0596,Aiden Davis,9,6
Y0597,Ava Johnson,16,7
Y0598,Lucas Jackson,13,11
Y0599,Abigail Jones,18,5
Y0600,Lucas Smith,16,7
Y0601,Logan Gonzalez,14,10
Y0602,Liam Davis,12,5
Y0603,Elijah Jackson,9,7
Y0604,Evelyn Miller,16,8
Y0605,Mason Rodriguez,12,5
Y0606,Lucas Williams,10,7
Y0607,Elijah Anderson,17,3
Y0608,James Brown,13,6
Y0609,Mason Martinez,16,4
Y0610,Harper Martin,11,3
Y0611,Jackson Davis,10,10
Y0612,Emma Lopez,9,10
Y0613,Emma Gonzalez,11,9
Y0614,Jackson Thomas,15,4
Y0615,Evelyn Anderson,18,5
Y0616,Logan Martin,8,7
Y0617,Harper Miller,18,10
Y0618,Aiden Jones,10,9
Y0619,Logan Wilson,12,12
Y0620,Jackson Wilson,8,8
Y0621,Emma Moore,8,5
Y0622,Ava Lopez,17,6
Y0623,Olivia Johnson,9,11
Y0624,Aiden Martin,8,3
Y0625,Aiden Davis,18,3
Y0626,Isabella Lopez,8,8
Y0627,Isabella Wilson,16,12
Y0628,Logan Martin,11,4
Y0629,James Taylor,8,8
Y0630,Emma Moore,17,9
Y0631,Ava Moore,15,8
Y0632,Mason Brown,15,3
Y0633,Harper Rodriguez,12,7
Y0634,Elijah Anderson,17,3
Y0635,Noah Rodriguez,15,11
Y0636,Logan Martinez,11,10
Y0637,Aiden Taylor,12,4
Y0638,Abigail Miller,16,6
Y0639,Emma Garcia,13,5
Y0640,Mason Taylor,14,11
Y0641,Aiden Taylor,15,8
Y0642,Mason Rodriguez,9,3
Y0643,Harper Moore,9,3
Y0644,Mia Hernandez,14,6
Y0645,Elijah Hernandez,12,9
Y0646,Evelyn Jones,11,5
Y0647,Mason Rodriguez,15,3
Y0648,Ethan Miller,12,6
Y0649,Amelia Thomas,9,10
Y0650,Noah Thomas,11,4
Y0651,Noah Martin,17,4
Y0652,James Gonzalez,12,10
Y0653,Ethan Davis,10,9
Y0654,Harper Taylor,12,8
Y0655,Ava Lopez,15,9
Y0656,Amelia Taylor,9,5
Y0657,Emma Wilson,10,9
Y0658,Olivia Wilson,17,8
Y0659,Liam Taylor,9,4
Y0660,Emma Wilson,18,11
Y0661,Mia Williams,10,4
Y0662,Olivia Davis,11,5
Y0663,Noah Jones,10,12
Y0664,Logan Hernandez,13,10
Y0665,Sophia Brown,18,12
Y0666,Abigail Martin,11,4
Y0667,Liam Smith,17,6
Y0668,Mia Taylor,15,8
Y0669,Jackson Rodriguez,17,6
Y0670,Abigail Garcia,8,12
Y0671,Ava Martinez,11,10
Y0672,Mia Martin,10,3
Y0673,James Lopez,14,12
Y0674,Lucas Wilson,15,11
Y0675,Jackson Smith,16,9
Y0676,Liam Martinez,13,3
Y0677,Liam Taylor,9,6
Y0678,James Johnson,10,7
Y0679,Harper Garcia,17,7
Y0680,Noah Wilson,15,3
Y0681,Elijah Taylor,9,8
Y0682,Sophia Anderson,18,3
Y0683,Olivia Jones,9,5
Y0684,Noah Williams,18,8
Y0685,Harper Jackson,8,12
Y0686,Noah Miller,10,9
Y0687,Noah Martin,13,12
Y0688,Isabella Miller,13,10
Y0689,Ethan Williams,9,7
Y0690,Olivia Garcia,8,3
Y0691,Evelyn Hernandez,12,10
Y0692,Lucas Thomas,18,10
Y0693,Ava Garcia,16,12
Y0694,Mason Smith,10,6
Y0695,Ethan Wilson,18,3
Y0696,Sophia Anderson,17,8
Y0697,Noah Williams,9,12
Y0698,Jackson Taylor,17,5
Y0699,Evelyn Martin,9,10
Y0700,Harper Anderson,13,8
Y0701,Jackson Thomas,17,8
Y0702,Ethan Moore,16,12
Y0703,Abigail Gonzalez,9,10
Y0704,Elijah Martinez,9,4
Y0705,Ethan Martinez,11,6
Y0706,Emma Johnson,17,4
Y0707,Jackson Martinez,14,4
Y0708,Jackson Thomas,12,11
Y0709,Ava Smith,13,10
Y0710,Abigail Hernandez,18,11
Y0711,Isabella Gonzalez,10,3
Y0712,Emma Taylor,10,10
Y0713,Elijah Wilson,12,8
Y0714,Aiden Wilson,14,9
Y0715,Ava Garcia,9,6
Y0716,Liam Thomas,10,10
Y0717,Liam Gonzalez,8,9
Y0718,Elijah Miller,8,10
Y0719,Isabella Johnson,11,6
Y0720,Aiden Jackson,9,6
Y0721,Logan Martinez,14,6
Y0722,Olivia Moore,11,12
Y0723,Isabella Moore,16,7
Y0724,Liam Gonzalez,11,10
Y0725,Noah Jones,14,11
Y0726,Noah Smith,17,9
Y0727,Isabella Martin,8,11
Y0728,Emma Taylor,13,8
Y0729,Isabella Moore,11,10
Y0730,Aiden Miller,10,4
Y0731,Emma Rodriguez,10,7
Y0732,Mia Jones,12,10
Y0733,Isabella Smith,18,5
Y0734,Mason Rodriguez,17,4
Y0735,Ava Anderson,11,3
Y0736,Olivia Davis,11,10
Y0737,Emma Brown,18,5
Y0738,Abigail Johnson,9,6
Y0739,Harper Martinez,14,6
Y0740,Mia Moore,9,7
Y0741,Mia Gonzalez,9,10
Y0742,Mason Anderson,15,4
Y0743,Mia Anderson,16,9
Y0744,Liam Johnson,17,3
Y0745,Ava Moore,16,11
Y0746,Ethan Wilson,11,10
Y0747,James Rodriguez,9,6
Y0748,Amelia Jackson,8,8
Y0749,Amelia Smith,16,10
Y0750,Elijah Hernandez,9,12
Y0751,Isabella Moore,8,7
Y0752,Amelia Gonzalez,14,11
Y0753,Aiden Hernandez,10,11
Y0754,James Smith,14,8
Y0755,Mason Rodriguez,15,11
Y0756,Lucas Martin,11,5
Y0757,Ethan Lopez,10,8
Y0758,Harper Smith,11,9
Y0759,Harper Gonzalez,8,6
Y0760,Ava Lopez,13,12
Y0761,Emma Rodriguez,11,8
Y0762,Noah Martinez,9,4
Y0763,Emma Gonzalez,17,12
Y0764,Emma Johnson,16,11
Y0765,Elijah Martinez,14,7
Y0766,Noah Brown,13,3
Y0767,Elijah Johnson,8,11
Y0768,Mason Taylor,17,5
Y0769,Evelyn Garcia,15,7
Y0770,Noah Moore,8,5
Y0771,James Martin,15,8
Y0772,Sophia Martin,18,5
Y0773,Ethan Thomas,9,9
Y0774,Logan Lopez,9,7
Y0775,Elijah Gonzalez,9,12
Y0776,Logan Garcia,13,5
Y0777,Sophia Hernandez,17,10
Y0778,Jackson Williams,9,11
Y0779,James Taylor,16,12
Y0780,James Lopez,16,11
Y0781,Lucas Johnson,15,9
Y0782,Evelyn Wilson,10,7
Y0783,Emma Martinez,11,4
Y0784,Liam Williams,13,9
Y0785,Aiden Miller,8,11
Y0786,Elijah Garcia,13,10
Y0787,Sophia Brown,9,6
Y0788,Harper Davis,11,11
Y0789,Emma Lopez,16,3
Y0790,Emma Brown,13,4
Y0791,Sophia Martinez,15,10
Y0792,Mason Lopez,14,10
Y0793,Amelia Smith,9,11
Y0794,Evelyn Anderson,8,5
Y0795,Noah Davis,15,6
Y0796,Ava Garcia,9,3
Y0797,Lucas Johnson,11,4
Y0798,Abigail Jackson,16,10
Y0799,Abigail Jones,17,10
Y0800,Harper Anderson,10,10
Y0801,James Garcia,15,3
Y0802,Emma Wilson,16,6
Y0803,Logan Johnson,13,9
Y0804,Ethan Hernandez,17,12
Y0805,Jackson Moore,9,7
Y0806,Ava Smith,12,3
Y0807,Abigail Thomas,8,3
Y0808,Mason Anderson,14,3
Y0809,Amelia Davis,12,6
Y0810,Emma Taylor,9,10
Y0811,Sophia Garcia,10,9
Y0812,Emma Anderson,16,11
Y0813,Harper Brown,15,6
Y0814,Olivia Jones,13,12
Y0815,James Gonzalez,9,12
Y0816,Isabella Lopez,18,4
Y0817,Emma Moore,18,3
Y0818,James Lopez,10,8
Y0819,Lucas Brown,14,8
Y0820,Evelyn Miller,18,11
Y0821,James Garcia,11,11
Y0822,Liam Lopez,14,12
Y0823,Evelyn Garcia,17,5
Y0824,Logan Smith,13,11
Y0825,Elijah Rodriguez,10,11
Y0826,Harper Smith,14,7
Y0827,Mason Williams,9,12
Y0828,Noah Miller,16,8
Y0829,Ethan Miller,12,11
Y0830,Mason Jones,8,7
Y0831,Abigail Brown,17,6
Y0832,Mason Davis,14,12
Y0833,Emma Martin,12,12
Y0834,Evelyn Hernandez,14,8
Y0835,Harper Miller,12,9
Y0836,Evelyn Davis,9,6
Y0837,Logan Anderson,17,9
Y0838,Amelia Jackson,15,12
Y0839,Sophia Hernandez,18,5
Y0840,Mia Thomas,8,7
Y0841,Elijah Brown,18,11
Y0842,Jackson Lopez,10,5
Y0843,Sophia Gonzalez,16,12
Y0844,James Jackson,17,7
Y0845,Abigail Johnson,17,10
Y0846,Mason Anderson,10,10
Y0847,Harper Taylor,12,4
Y0848,Emma Moore,11,11
Y0849,Mason Rodriguez,14,9
Y0850,Olivia Johnson,16,11
Y0851,Mason Smith,16,6
Y0852,Noah Wilson,8,6
Y0853,Harper Martin,13,9
Y0854,Ava Taylor,15,8
Y0855,Jackson Miller,14,9
Y0856,Abigail Davis,10,11
Y0857,Abigail Jackson,11,7
Y0858,Olivia Rodriguez,8,7
Y0859,Emma Gonzalez,16,9
Y0860,Amelia Taylor,15,12
Y0861,Elijah Thomas,11,11
Y0862,Lucas Smith,16,12
Y0863,Emma Williams,9,8
Y0864,Mia Williams,16,10
Y0865,Jackson Miller,10,5
Y0866,Abigail Wilson,17,3
Y0867,Aiden Hernandez,14,9
Y0868,Amelia Smith,16,8
Y0869,Jackson Smith,16,8
Y0870,Noah Thomas,15,7
Y0871,Harper Johnson,13,3
Y0872,Logan Johnson,17,8
Y0873,Evelyn Hernandez,18,7
Y0874,Mason Taylor,17,11
Y0875,Abigail Moore,17,7
Y0876,Ava Williams,15,9
Y0877,Isabella Martin,8,6
Y0878,Ethan Moore,10,12
Y0879,Evelyn Wilson,15,5
Y0880,Olivia Williams,18,9
Y0881,Mia Hernandez,12,6
Y0882,Mason Wilson,13,12
Y0883,Ava Miller,9,9
Y0884,Sophia Lopez,9,9
Y0885,Noah Wilson,12,12
Y0886,Jackson Martin,12,3
Y0887,Elijah Hernandez,13,6
Y0888,Mia Lopez,14,3
Y0889,Logan Martinez,12,12
Y0890,Jackson Miller,11,3
Y0891,Liam Martin,9,11
Y0892,Sophia Miller,17,9
Y0893,Logan Taylor,14,8
Y0894,Liam Garcia,12,9
Y0895,Ethan Hernandez,11,11
Y0896,Jackson Taylor,13,10
Y0897,Evelyn Martinez,11,12
Y0898,Olivia Taylor,15,6
Y0899,Mia Moore,9,8
Y0900,Evelyn Miller,18,3
Y0901,Ethan Hernandez,8,7
Y0902,Jackson Wilson,12,5
Y0903,Aiden Brown,14,9
Y0904,Mason Anderson,16,7
Y0905,Mia Rodriguez,17,8
Y0906,Logan Miller,17,9
Y0907,Aiden Brown,15,7
Y0908,Ethan Jackson,14,12
Y0909,Emma Wilson,11,8
Y0910,Amelia Johnson,11,5
Y0911,Evelyn Brown,8,10
Y0912,Sophia Moore,12,3
Y0913,Sophia Miller,9,10
Y0914,Elijah Lopez,17,9
Y0915,Mia Williams,12,9
Y0916,Aiden Gonzalez,18,4
Y0917,Ethan Williams,10,10
Y0918,Mason Jackson,9,3
Y0919,Isabella Johnson,8,3
Y0920,Abigail Miller,9,12
Y0921,Elijah Johnson,13,3
Y0922,James Martin,13,9
Y0923,Aiden Williams,17,3
Y0924,Jackson Williams,8,10
Y0925,Logan Davis,18,9
Y0926,Sophia Martin,10,7
Y0927,Ethan Smith,18,4
Y0928,Abigail Thomas,15,5
Y0929,Amelia Lopez,10,12
Y0930,Harper Jackson,9,4
Y0931,Mason Anderson,12,8
Y0932,Abigail Martin,14,3
Y0933,Noah Taylor,13,11
Y0934,Mason Johnson,12,10
Y0935,Olivia Lopez,17,7
Y0936,Olivia Jackson,15,7
Y0937,Olivia Garcia,14,10
Y0938,Mason Martinez,16,4
Y0939,Harper Johnson,11,5
Y0940,Liam Garcia,18,3
Y0941,Emma Williams,17,11
Y0942,Isabella Jones,18,3
Y0943,Liam Rodriguez,13,8
Y0944,Jackson Gonzalez,8,7
Y0945,Elijah Martinez,12,10
Y0946,Logan Jones,12,7
Y0947,Logan Martin,13,11
Y0948,Amelia Garcia,18,10
Y0949,Aiden Miller,18,7
Y0950,James Jackson,10,9
Y0951,Olivia Gonzalez,15,4
Y0952,Jackson Anderson,18,4
Y0953,Ethan Taylor,14,8
Y0954,Olivia Taylor,16,11
Y0955,Isabella Miller,12,4
Y0956,Ava Davis,9,7
Y0957,Lucas Thomas,17,3
Y0958,Olivia Wilson,11,11
Y0959,Noah Smith,11,5
Y0960,Ava Jones,8,9
Y0961,Liam Moore,13,12
Y0962,James Martin,16,4
Y0963,Isabella Thomas,16,9
Y0964,Amelia Brown,16,5
Y0965,James Miller,15,12
Y0966,Jackson Jones,9,10
Y0967,Evelyn Davis,13,6
Y0968,Liam Thomas,10,10
Y0969,Harper Williams,18,10
Y0970,Logan Smith,13,12
Y0971,Aiden Miller,11,3
Y0972,Olivia Martinez,17,6
Y0973,Noah Moore,9,8
Y0974,Ethan Brown,18,9
Y0975,Liam Thomas,9,8
Y0976,Ava Jones,10,11
Y0977,James Garcia,16,9
Y0978,Olivia Moore,16,11
Y0979,Elijah Taylor,9,3
Y0980,Isabella Wilson,14,11
Y0981,Amelia Hernandez,15,10
Y0982,Harper Smith,8,6
Y0983,Jackson Rodriguez,13,7
Y0984,Evelyn Thomas,10,11
Y0985,Isabella Brown,15,3
Y0986,Isabella Rodriguez,14,7
Y0987,Liam Jones,9,9
Y0988,Ava Anderson,13,4
Y0989,Aiden Smith,12,9
Y0990,Olivia Gonzalez,8,7
Y0991,Jackson Davis,12,4
Y0992,Sophia Smith,13,6
Y0993,Emma Martinez,9,4
Y0994,Ava Martinez,15,11
Y0995,Abigail Brown,10,4
Y0996,Amelia Thomas,16,7
Y0997,Logan Brown,14,11
Y0998,Ethan Hernandez,17,12
Y0999,Elijah Davis,11,3
Y1000,Amelia Rodriguez,17,9
Y1001,Ava Johnson,12,12
Y1002,Evelyn Brown,13,3
Y1003,Isabella Johnson,10,8
Y1004,Sophia Rodriguez,15,5
Y1005,Noah Miller,9,12
Y1006,Mason Moore,12,9
Y1007,Evelyn Miller,15,8
Y1008,Logan Anderson,9,4
Y1009,Aiden Anderson,12,7
Y1010,Ava Anderson,9,9
Y1011,Isabella Lopez,12,7
Y1012,Evelyn Thomas,12,12
Y1013,James Davis,14,10
Y1014,James Davis,15,8
Y1015,Jackson Wilson,11,4
Y1016,Aiden Taylor,16,5
Y1017,Evelyn Johnson,10,4
Y1018,Lucas Jones,11,5
Y1019,Evelyn Martinez,16,12
Y1020,Sophia Jackson,9,8
Y1021,Noah Williams,16,7
Y1022,James Garcia,9,8
Y1023,Lucas Garcia,15,5
Y1024,Olivia Rodriguez,16,3
Y1025,Logan Martinez,8,10
Y1026,Isabella Jones,9,9
Y1027,Logan Smith,13,7
Y1028,Logan Moore,8,3
Y1029,Amelia Anderson,13,6
Y1030,Olivia Davis,14,3
Y1031,Harper Hernandez,12,7
Y1032,Ava Gonzalez,12,10
Y1033,Jackson Smith,8,12
Y1034,Mason Thomas,9,5
Y1035,Lucas Rodriguez,11,10
Y1036,Aiden Wilson,9,8
Y1037,Evelyn Brown,12,8
Y1038,Isabella Williams,11,9
Y1039,Mia Thomas,11,6
Y1040,Noah Johnson,13,6
Y1041,James Lopez,12,11
Y1042,James Garcia,14,11
Y1043,James Thomas,17,11
Y1044,Emma Taylor,15,4
Y1045,Jackson Davis,18,3
Y1046,Mason Lopez,16,12
Y1047,Abigail Williams,12,5
Y1048,Mason Miller,14,10
Y1049,Abigail Moore,11,7
Y1050,Mia Davis,12,5
Y1051,Abigail Wilson,8,5
Y1052,Mia Miller,8,11
Y1053,Noah Johnson,9,11
Y1054,Isabella Moore,15,9
Y1055,Noah Davis,12,5
Y1056,James Taylor,9,10
Y1057,Ethan Thomas,9,11
Y1058,Ava Rodriguez,8,5
Y1059,Noah Thomas,14,12
Y1060,Isabella Wilson,16,11
Y1061,Lucas Wilson,11,8
Y1062,Evelyn Hernandez,13,12
Y1063,Jackson Jones,8,10
Y1064,Olivia Lopez,18,8
Y1065,Evelyn Williams,14,3
Y1066,Aiden Martinez,15,7
Y1067,Jackson Taylor,17,4
Y1068,James Miller,12,6
Y1069,Isabella Jackson,9,3
Y1070,Lucas Gonzalez,11,8
Y1071,Ava Miller,17,6
Y1072,James Rodriguez,8,9
Y1073,Logan Anderson,18,9
Y1074,Elijah Gonzalez,8,12
Y1075,Evelyn Taylor,14,9
Y1076,Elijah Jackson,18,7
Y1077,Lucas Jackson,13,3
Y1078,James Williams,9,9
Y1079,James Lopez,16,8
Y1080,Mia Williams,13,9
Y1081,Ethan Jackson,13,12
Y1082,Abigail Moore,15,12
Y1083,Abigail Davis,9,6
Y1084,Mia Smith,18,8
Y1085,Sophia Thomas,17,3
Y1086,James Rodriguez,8,7
Y1087,Noah Martin,16,12
Y1088,Aiden Smith,8,4
Y1089,Isabella Wilson,14,8
Y1090,Emma Wilson,10,11
Y1091,Logan Gonzalez,9,9
Y1092,James Smith,9,10
Y1093,Elijah Wilson,11,3
Y1094,Amelia Moore,16,8
Y1095,Evelyn Martin,15,3
Y1096,Ethan Martin,17,6
Y1097,Sophia Rodriguez,12,5
Y1098,Evelyn Taylor,11,6
Y1099,Mason Miller,17,4
Y1100,Ethan Brown,8,7
Y1101,Lucas Johnson,12,6
Y1102,Aiden Jones,16,7
Y1103,Ethan Gonzalez,16,9
Y1104,James Jackson,15,9
Y1105,Ethan Anderson,14,3
Y1106,Ethan Brown,11,8
Y1107,Isabella Lopez,9,5
Y1108,Ava Davis,13,6
Y1109,Evelyn Rodriguez,17,11
Y1110,Logan Martin,15,8
Y1111,Elijah Martinez,15,8
Y1112,Olivia Williams,15,4
Y1113,Logan Jackson,10,11
Y1114,Mason Lopez,13,6
Y1115,Logan Taylor,17,11
Y1116,Ava Miller,16,6
Y1117,Harper Martin,11,9
Y1118,Lucas Martin,8,5
Y1119,Logan Wilson,10,4
Y1120,Evelyn Martinez,8,7
Y1121,Ava Smith,9,3
Y1122,Olivia Gonzalez,17,6
Y1123,Lucas Martinez,12,9
Y1124,Emma Moore,10,11
Y1125,Sophia Thomas,17,11
Y1126,Jackson Jones,16,7
Y1127,Harper Smith,8,9
Y1128,Olivia Thomas,15,9
Y1129,James Martinez,10,12
Y1130,Harper Jones,13,3
Y1131,Lucas Brown,10,10
Y1132,Aiden Moore,11,5
Y1133,Olivia Jones,11,5
Y1134,Olivia Moore,18,4
Y1135,Jackson Jackson,15,8
Y1136,Mia Taylor,17,5
Y1137,Olivia Anderson,15,6
Y1138,Mia Wilson,10,10
Y1139,Noah Moore,10,8
Y1140,Emma Moore,14,11
Y1141,Isabella Garcia,18,9
Y1142,Sophia Thomas,17,10
Y1143,Isabella Davis,15,5
Y1144,Isabella Jackson,18,6
Y1145,Aiden Jones,9,11
Y1146,Isabella Anderson,8,7
Y1147,Ethan Taylor,14,10
Y1148,Ethan Miller,15,8
Y1149,Ava Jackson,8,11
Y1150,Amelia Gonzalez,10,5
Y1151,Sophia Smith,11,11
Y1152,Olivia Lopez,14,11
Y1153,Aiden Hernandez,9,8
Y1154,Noah Gonzalez,12,8
Y1155,Ava Johnson,18,9
Y1156,Ava Anderson,16,12
Y1157,Amelia Garcia,13,7
Y1158,Emma Anderson,10,10
Y1159,Harper Martin,12,5
Y1160,Ava Hernandez,17,12
Y1161,Olivia Martin,8,3
Y1162,Mason Smith,8,5
Y1163,Lucas Moore,16,6
Y1164,Amelia Moore,10,3
Y1165,Lucas Martin,8,7
Y1166,Isabella Rodriguez,17,6
Y1167,Harper Moore,11,3
Y1168,Lucas Miller,12,10
Y1169,Lucas Gonzalez,11,6
Y1170,Mason Smith,11,7
Y1171,Elijah Brown,10,9
Y1172,Harper Davis,13,12
Y1173,Elijah Thomas,9,10
Y1174,Ethan Garcia,11,12
Y1175,Amelia Lopez,13,4
Y1176,Olivia Jones,8,12
Y1177,Lucas Johnson,16,3
Y1178,Sophia Jones,18,4
Y1179,James Wilson,10,12
Y1180,Isabella Williams,15,5
Y1181,Mia Smith,17,5
Y1182,Evelyn Hernandez,9,9
Y1183,Abigail Garcia,14,12
Y1184,Isabella Miller,11,12
Y1185,Mia Gonzalez,12,7
Y1186,Evelyn Martin,10,8
Y1187,James Garcia,9,3
Y1188,Mia Jackson,16,6
Y1189,Isabella Brown,16,8
Y1190,Sophia Thomas,11,7
Y1191,Evelyn Smith,18,10
Y1192,Isabella Lopez,16,11
Y1193,Jackson Brown,15,3
Y1194,Abigail Hernandez,15,10
Y1195,Amelia Rodriguez,15,7
Y1196,Evelyn Brown,11,10
Y1197,Emma Gonzalez,8,5
Y1198,Noah Lopez,10,8
Y1199,Logan Rodriguez,14,8
Y1200,Isabella Anderson,15,9
Y1201,Sophia Anderson,16,11
Y1202,Emma Martinez,14,9
Y1203,Isabella Davis,15,10
Y1204,Evelyn Hernandez,11,5
Y1205,Elijah Johnson,13,8
Y1206,Isabella Wilson,18,7
Y1207,Olivia Martin,12,9
Y1208,Evelyn Davis,12,7
Y1209,Lucas Moore,14,3
Y1210,Noah Johnson,13,4
Y1211,Ava Anderson,10,3
Y1212,Ethan Moore,13,4
Y1213,Elijah Martin,16,11
Y1214,Aiden Lopez,13,9
Y1215,Logan Jones,12,8
Y1216,Abigail Miller,15,12
Y1217,Lucas Johnson,18,7
Y1218,Lucas Martin,12,10
Y1219,Ava Martin,13,10
Y1220,Amelia Williams,16,4
Y1221,James Smith,12,3
Y1222,Jackson Gonzalez,14,10
Y1223,Amelia Gonzalez,8,4
Y1224,Mason Smith,16,9
Y1225,Ethan Moore,10,12
Y1226,Jackson Garcia,16,11
Y1227,Mason Smith,11,3
Y1228,Logan Martin,12,4
Y1229,Mia Brown,15,8
Y1230,Olivia Rodriguez,10,10
Y1231,Mason Hernandez,15,8
Y1232,Noah Thomas,14,8
Y1233,Lucas Jones,15,3
Y1234,Noah Jones,10,12
Y1235,Harper Garcia,14,11
Y1236,Mason Thomas,8,4
Y1237,Liam Gonzalez,9,6
Y1238,Emma Hernandez,13,7
Y1239,Mia Lopez,9,3
Y1240,James Martin,9,11
Y1241,Mia Garcia,16,4
Y1242,Olivia Anderson,12,9
Y1243,Mason Taylor,18,9
Y1244,Liam Williams,14,11
Y1245,Logan Jones,8,6
Y1246,Lucas Rodriguez,12,8
Y1247,Ava Moore,17,11
Y1248,Aiden Wilson,13,9
Y1249,Logan Rodriguez,8,5
Y1250,Amelia Martinez,13,7
Y1251,Emma Davis,12,12
Y1252,Elijah Rodriguez,12,6
Y1253,Logan Jackson,15,6
Y1254,Harper Martin,10,4
Y1255,Emma Williams,18,3
Y1256,James Anderson,16,6
Y1257,Abigail Martinez,14,4
Y1258,Sophia Moore,12,7
Y1259,James Rodriguez,17,9
Y1260,Sophia Smith,12,5
Y1261,Jackson Johnson,11,7
Y1262,Lucas Johnson,18,3
Y1263,Olivia Brown,15,3
Y1264,Evelyn Martin,8,9
Y1265,Noah Jones,14,9
Y1266,Lucas Jones,18,9
Y1267,Ava Moore,15,5
Y1268,Aiden Davis,17,12
Y1269,Mia Thomas,16,8
Y1270,Amelia Johnson,18,12
Y1271,Mason Garcia,15,7
Y1272,Elijah Rodriguez,16,7
Y1273,Lucas Jones,11,6
Y1274,Isabella Smith,9,10
Y1275,Elijah Hernandez,10,10
Y1276,Mia Wilson,10,4
Y1277,Amelia Gonzalez,11,12
Y1278,Jackson Gonzalez,10,7
Y1279,Olivia Gonzalez,10,8
Y1280,Elijah Williams,13,8
Y1281,Aiden Jackson,13,12
Y1282,Ethan Martinez,12,10
Y1283,Liam Lopez,13,6
Y1284,Isabella Thomas,11,9
Y1285,James Davis,9,6
Y1286,Lucas Smith,16,4
Y1287,Olivia Miller,8,7
Y1288,Abigail Miller,8,12
Y1289,Ava Lopez,9,3
Y1290,Evelyn Johnson,17,8
Y1291,Jackson Gonzalez,18,8
Y1292,Aiden Jones,13,11
Y1293,Olivia Smith,13,3
Y1294,Olivia Hernandez,15,12
Y1295,Lucas Martinez,16,3
Y1296,Amelia Johnson,11,7
Y1297,Mia Thomas,9,12
Y1298,Olivia Lopez,15,11
Y1299,Aiden Johnson,18,8
Y1300,Isabella Rodriguez,12,9
Y1301,Elijah Brown,16,9
Y1302,Noah Taylor,13,12
Y1303,Sophia Hernandez,18,11
Y1304,Mia Garcia,15,8
Y1305,Liam Lopez,8,5
Y1306,Harper Smith,18,7
Y1307,Abigail Moore,13,12
Y1308,Ava Johnson,12,3
Y1309,Aiden Martin,15,8
Y1310,Abigail Davis,13,5
Y1311,Ava Jones,11,12
Y1312,Amelia Taylor,17,5
Y1313,Isabella Brown,11,12
Y1314,Logan Jones,11,9
Y1315,Mia Garcia,15,6
Y1316,Logan Wilson,12,10
Y1317,Abigail Williams,17,4
Y1318,Logan Taylor,15,12
Y1319,Lucas Miller,8,3
Y1320,Evelyn Anderson,16,11
Y1321,Olivia Miller,14,8
Y1322,Mia Jackson,15,5
Y1323,Mason Wilson,13,7
Y1324,Noah Williams,8,11
Y1325,Amelia Wilson,12,6
Y1326,Amelia Williams,9,3
Y1327,Elijah Moore,17,7
Y1328,Evelyn Williams,15,6
Y1329,Harper Martinez,9,8
Y1330,Logan Moore,8,5
Y1331,Sophia Rodriguez,8,8
Y1332,Ava Garcia,18,3
Y1333,Elijah Gonzalez,10,10
Y1334,Amelia Johnson,16,3
Y1335,Aiden Martin,12,5
Y1336,Ava Thomas,17,4
Y1337,Isabella Garcia,8,11
Y1338,Ethan Miller,11,12
Y1339,Olivia Jackson,12,9
Y1340,James Lopez,13,12
Y1341,Harper Martinez,8,9
Y1342,Emma Hernandez,13,11
Y1343,Mia Martin,17,11
Y1344,Mia Smith,14,5
Y1345,Mason Garcia,17,8
Y1346,Mason Lopez,13,6
Y1347,Logan Davis,11,6
Y1348,Emma Davis,15,12
Y1349,Emma Rodriguez,16,3
Y1350,Noah Garcia,14,3
Y1351,Noah Moore,9,3
Y1352,Harper Williams,11,3
Y1353,Noah Gonzalez,11,10
Y1354,Mia Martinez,15,4
Y1355,Lucas Davis,14,12
Y1356,Olivia Moore,11,5
Y1357,Abigail Thomas,13,9
Y1358,Abigail Rodriguez,17,10
Y1359,Aiden Hernandez,9,3
Y1360,Olivia Miller,14,11
Y1361,Jackson Gonzalez,8,6
Y1362,Aiden Johnson,8,9
Y1363,James Martinez,15,4
Y1364,Lucas Moore,15,12
Y1365,Olivia Hernandez,9,7
Y1366,Aiden Wilson,8,5
Y1367,Sophia Johnson,10,4
Y1368,Sophia Jackson,10,12
Y1369,Harper Johnson,8,4
Y1370,Mason Hernandez,18,12
Y1371,Abigail Anderson,17,6
Y1372,Ethan Anderson,16,5
Y1373,Elijah Garcia,11,12
Y1374,Elijah Smith,13,6
Y1375,Sophia Martin,9,3
Y1376,Liam Johnson,13,9
Y1377,Olivia Thomas,15,7
Y1378,Ethan Miller,14,12
Y1379,Jackson Thomas,11,10
Y1380,Aiden Rodriguez,12,9
Y1381,Abigail Smith,8,9
Y1382,Abigail Thomas,11,3
Y1383,Aiden Johnson,17,3
Y1384,Liam Davis,16,12
Y1385,Logan Davis,11,4
Y1386,Mason Wilson,16,5
Y1387,Abigail Johnson,13,9
Y1388,Mason Taylor,18,9
Y1389,Mia Jackson,14,5
Y1390,Elijah Johnson,9,7
Y1391,Logan Jones,10,5
Y1392,Abigail Brown,17,5
Y1393,Evelyn Gonzalez,12,11
Y1394,Ethan Gonzalez,10,9
Y1395,Sophia Rodriguez,13,6
Y1396,Isabella Taylor,17,3
Y1397,Evelyn Martinez,10,4
Y1398,Ava Davis,17,12
Y1399,Noah Garcia,15,11
Y1400,Evelyn Johnson,11,12
Y1401,Isabella Jackson,15,6
Y1402,Emma Lopez,15,7
Y1403,James Moore,13,9
Y1404,Isabella Lopez,15,5
Y1405,Harper Hernandez,16,7
Y1406,Ava Smith,8,10
Y1407,Jackson Martin,10,5
Y1408,Lucas Thomas,8,5
Y1409,Isabella Garcia,15,8
Y1410,Logan Garcia,13,12
Y1411,Noah Davis,13,12
Y1412,Lucas Anderson,8,5
Y1413,Olivia Johnson,13,12
Y1414,Mason Rodriguez,16,11
Y1415,Emma Gonzalez,8,10
Y1416,Emma Hernandez,14,10
Y1417,Evelyn Jones,9,11
Y1418,Olivia Hernandez,13,4
Y1419,Ava Gonzalez,9,3
Y1420,Mia Smith,17,8
Y1421,Ava Gonzalez,8,12
Y1422,Aiden Rodriguez,18,6
Y1423,Amelia Garcia,15,10
Y1424,Liam Thomas,8,3
Y1425,Isabella Garcia,15,3
Y1426,Olivia Smith,9,12
Y1427,Lucas Jackson,15,3
Y1428,Aiden Gonzalez,15,10
Y1429,Noah Lopez,15,8
Y1430,Abigail Lopez,8,9
Y1431,Abigail Rodriguez,13,9
Y1432,Olivia Lopez,11,5
Y1433,Sophia Taylor,11,10
Y1434,Evelyn Lopez,18,6
Y1435,James Jones,18,8
Y1436,Ethan Lopez,18,11
Y1437,Noah Gonzalez,14,6
Y1438,Olivia Williams,13,7
Y1439,Abigail Taylor,8,7
Y1440,Liam Thomas,18,10
Y1441,Evelyn Moore,14,8
Y1442,Olivia Garcia,13,9
Y1443,Harper Lopez,18,5
Y1444,Liam Brown,16,10
Y1445,Olivia Anderson,17,11
Y1446,Isabella Martin,13,9
Y1447,Isabella Moore,13,8
Y1448,Amelia Brown,14,6
Y1449,Harper Smith,11,6
Y1450,Mason Garcia,11,5
Y1451,Aiden Hernandez,12,5
Y1452,James Smith,9,11
Y1453,Jackson Smith,12,9
Y1454,Elijah Moore,12,3
Y1455,Mia Davis,10,9
Y1456,Harper Taylor,9,11
Y1457,James Smith,8,12
Y1458,Emma Johnson,18,5
Y1459,Amelia Lopez,12,9
Y1460,Amelia Taylor,14,10
Y1461,Lucas Jackson,18,3
Y1462,Ava Miller,9,9
Y1463,Logan Hernandez,9,6
Y1464,James Martin,8,10
Y1465,James Rodriguez,16,12
Y1466,Evelyn Martinez,9,8
Y1467,Abigail Davis,8,4
Y1468,Aiden Jones,16,12
Y1469,Lucas Martinez,8,5
Y1470,Noah Hernandez,9,5
Y1471,Evelyn Jackson,14,12
Y1472,Amelia Williams,18,10
Y1473,Mia Miller,16,4
Y1474,Aiden Lopez,15,6
Y1475,Mason Martin,16,3
Y1476,Logan Garcia,17,11
Y1477,Ethan Jackson,11,7
Y1478,Lucas Martin,8,6
Y1479,Abigail Martinez,10,10
Y1480,Elijah Johnson,12,6
Y1481,Mason Davis,13,6
Y1482,Mason Smith,15,12
Y1483,Elijah Davis,11,9
Y1484,Ethan Lopez,17,7
Y1485,Ava Williams,9,11
Y1486,Noah Wilson,10,9
Y1487,Mia Smith,15,10
Y1488,Evelyn Lopez,10,6
Y1489,Jackson Jackson,15,6
Y1490,Liam Davis,16,5
Y1491,Ava Smith,17,6
Y1492,Elijah Gonzalez,10,4
Y1493,Sophia Rodriguez,8,8
Y1494,Emma Moore,12,4
Y1495,Harper Brown,15,6
Y1496,Olivia Davis,18,4
Y1497,Noah Martin,17,11
Y1498,Liam Brown,12,8
Y1499,Aiden Davis,12,6
Y1500,Ava Rodriguez,14,5
