youth_id,name,age,grade,literacy_score,digital_learning_completion
Y0001,Isabella Jones,11,8,56,11%
Y0002,Amelia Brown,13,8,88,33%
Y0003,Emily Johnson,15,11,57,48%
Y0004,Olivia Moore,12,12,73,73%
Y0005,Sophia Williams,8,6,99,37%
Y0006,Olivia Davis,9,9,67,58%
Y0007,Alexander Lopez,10,8,72,26%
Y0008,Charlotte Rodriguez,18,4,88,81%
Y0009,Elijah Moore,11,5,79,48%
Y0010,Isabella Moore,11,8,99,99%
Y0011,Liam Davis,8,8,75,34%
Y0012,Olivia Miller,17,8,63,83%
Y0013,James Gonzalez,18,10,59,33%
Y0014,Ava Davis,16,11,66,95%
Y0015,Abigail Wilson,17,9,73,28%
Y0016,Ava Taylor,15,4,98,6%
Y0017,Sofia Brown,10,5,100,87%
Y0018,Logan Martin,9,9,74,76%
Y0019,Harper Taylor,12,11,50,87%
Y0020,Daniel Brown,18,11,98,34%
Y0021,Sebastian Hernandez,9,7,77,20%
Y0022,Harper Smith,12,11,98,22%
Y0023,Evelyn Brown,18,7,90,64%
Y0024,Jackson Miller,10,8,98,20%
Y0025,Aiden Taylor,8,12,70,62%
Y0026,Emma Brown,13,7,65,7%
Y0027,Lucas Jackson,9,4,96,62%
Y0028,Henry Williams,16,5,58,84%
Y0029,James Moore,10,7,83,77%
Y0030,Logan Miller,16,6,95,39%
Y0031,Amelia Lopez,15,11,78,15%
Y0032,Lucas Davis,9,8,51,75%
Y0033,Aiden Davis,17,6,50,9%
Y0034,Michael Johnson,11,4,52,42%
Y0035,Olivia Taylor,11,7,92,62%
Y0036,Sophia Moore,10,12,86,60%
Y0037,Lucas Thomas,14,6,56,12%
Y0038,Charlotte Wilson,13,9,76,59%
Y0039,Sofia Johnson,18,4,53,51%
Y0040,Daniel Hernandez,9,6,62,24%
Y0041,Aiden Anderson,10,9,61,35%
Y0042,Harper Davis,9,10,85,12%
Y0043,Liam Moore,8,4,98,30%
Y0044,Elijah Wilson,15,10,63,51%
Y0045,Jack Johnson,10,9,50,49%
Y0046,Isabella Anderson,12,9,94,93%
Y0047,Emily Moore,18,10,59,24%
Y0048,Mason Miller,8,12,97,69%
Y0049,Liam Hernandez,8,3,87,61%
Y0050,Evelyn Taylor,10,3,82,10%
Y0051,Sofia Garcia,9,12,54,86%
Y0052,Sofia Davis,14,4,86,31%
Y0053,Abigail Martin,8,12,55,53%
Y0054,Charlotte Jackson,17,11,70,33%
Y0055,Sophia Hernandez,11,7,75,16%
Y0056,Charlotte Martinez,15,8,98,9%
Y0057,Emma Anderson,17,12,56,9%
Y0058,Aiden Miller,16,7,58,44%
Y0059,Jack Williams,11,8,68,20%
Y0060,Harper Moore,12,12,91,67%
Y0061,Emma Moore,12,4,58,33%
Y0062,Noah Brown,16,5,67,36%
Y0063,Jackson Miller,13,6,93,81%
Y0064,Sofia Rodriguez,16,10,66,6%
Y0065,Olivia Wilson,12,3,50,42%
Y0066,Sebastian Jones,18,7,60,94%
Y0067,Harper Moore,14,11,50,14%
Y0068,Olivia Jones,16,3,73,74%
Y0069,Aiden Jones,14,5,52,39%
Y0070,Ethan Johnson,13,6,93,31%
Y0071,Charlotte Brown,13,11,76,79%
Y0072,Daniel Jones,11,5,61,52%
Y0073,Emma Garcia,13,9,92,94%
Y0074,Emily Davis,12,5,100,89%
Y0075,Noah Gonzalez,8,10,64,25%
Y0076,Henry Anderson,13,7,100,29%
Y0077,Lucas Smith,18,6,75,42%
Y0078,Isabella Williams,12,8,91,65%
Y0079,Amelia Moore,13,3,57,33%
Y0080,Elijah Jackson,12,3,56,76%
Y0081,Logan Lopez,13,9,88,65%
Y0082,Noah Gonzalez,17,6,66,5%
Y0083,Michael Wilson,8,11,84,87%
Y0084,Daniel Miller,13,9,54,85%
Y0085,Layla Hernandez,17,8,92,15%
Y0086,Daniel Martinez,16,7,92,52%
Y0087,Mia Gonzalez,12,11,58,24%
Y0088,Logan Gonzalez,18,5,89,72%
Y0089,Mason Gonzalez,16,3,69,36%
Y0090,Sophia Wilson,17,12,91,41%
Y0091,Harper Anderson,15,6,82,60%
Y0092,Emily Garcia,18,4,68,65%
Y0093,Charlotte Martin,13,4,98,30%
Y0094,Charlotte Martinez,11,6,59,3%
Y0095,Liam Davis,15,12,99,9%
Y0096,Harper Wilson,18,12,62,91%
Y0097,Michael Gonzalez,15,9,65,18%
Y0098,Alexander Smith,9,9,64,22%
Y0099,Emily Taylor,15,3,85,31%
Y0100,Layla Brown,15,5,79,85%
Y0101,Evelyn Moore,17,8,98,56%
Y0102,Jackson Taylor,14,11,78,20%
Y0103,Daniel Thomas,15,7,98,31%
Y0104,Henry Rodriguez,16,10,90,30%
Y0105,Isabella Anderson,9,7,65,34%
Y0106,Mia Hernandez,16,4,58,19%
Y0107,Lucas Gonzalez,10,6,54,53%
Y0108,Logan Hernandez,16,10,76,7%
Y0109,Sophia Wilson,14,12,94,2%
Y0110,Sofia Jackson,14,10,50,45%
Y0111,Mason Gonzalez,14,11,97,94%
Y0112,Aiden Martin,11,10,64,34%
Y0113,Logan Thomas,8,9,71,85%
Y0114,Charlotte Gonzalez,10,10,58,79%
Y0115,Aiden Smith,14,12,86,84%
Y0116,Emma Williams,18,9,58,59%
Y0117,Elijah Johnson,12,9,70,27%
Y0118,Harper Hernandez,13,9,67,96%
Y0119,Henry Wilson,12,4,80,2%
Y0120,Daniel Moore,8,8,64,83%
Y0121,Olivia Johnson,8,6,62,2%
Y0122,Jackson Jones,11,5,80,85%
Y0123,Noah Jackson,11,10,94,32%
Y0124,Sebastian Lopez,10,12,88,95%
Y0125,Michael Brown,10,7,56,74%
Y0126,Emma Martinez,17,9,75,91%
Y0127,Sophia Williams,17,6,56,89%
Y0128,Sebastian Martinez,18,12,57,72%
Y0129,Emily Johnson,13,11,77,84%
Y0130,Ethan Williams,16,8,50,53%
Y0131,Henry Thomas,9,9,73,81%
Y0132,Jack Anderson,10,9,61,93%
Y0133,Evelyn Rodriguez,17,11,99,61%
Y0134,Harper Wilson,17,7,70,31%
Y0135,Henry Williams,12,10,65,96%
Y0136,Harper Jackson,17,9,71,3%
Y0137,James Hernandez,10,10,63,45%
Y0138,Emily Rodriguez,13,7,88,89%
Y0139,Jack Rodriguez,16,3,83,24%
Y0140,Olivia Davis,14,10,85,97%
Y0141,Lucas Thomas,18,10,78,2%
Y0142,Olivia Martinez,11,9,94,31%
Y0143,Mason Jackson,13,10,85,67%
Y0144,Ethan Wilson,16,8,72,89%
Y0145,Harper Rodriguez,12,7,64,15%
Y0146,Daniel Miller,13,4,97,68%
Y0147,Sebastian Garcia,11,6,97,61%
Y0148,Isabella Jackson,16,12,68,12%
Y0149,Henry Miller,12,6,73,22%
Y0150,Mason Smith,16,5,67,5%
Y0151,Liam Moore,12,5,90,96%
Y0152,James Brown,8,12,68,60%
Y0153,James Anderson,13,5,53,32%
Y0154,Sofia Thomas,9,4,75,62%
Y0155,Olivia Jackson,18,3,59,19%
Y0156,Emily Jackson,12,4,65,15%
Y0157,Aiden Wilson,17,12,100,79%
Y0158,Lucas Taylor,14,10,78,38%
Y0159,Sofia Jackson,14,7,86,79%
Y0160,Liam Martin,9,6,90,27%
Y0161,Isabella Williams,10,6,61,70%
Y0162,Olivia Garcia,8,9,78,88%
Y0163,Jackson Thomas,12,3,64,36%
Y0164,Michael Martinez,15,4,93,29%
Y0165,Layla Rodriguez,18,12,92,25%
Y0166,Logan Brown,16,6,91,19%
Y0167,Layla Rodriguez,10,4,53,21%
Y0168,Emily Martinez,17,12,68,56%
Y0169,Noah Anderson,12,9,67,64%
Y0170,Aiden Thomas,15,4,88,5%
Y0171,Jack Wilson,13,12,66,3%
Y0172,Olivia Davis,18,12,87,2%
Y0173,Sebastian Rodriguez,17,3,98,96%
Y0174,Elijah Thomas,16,10,67,23%
Y0175,Abigail Wilson,18,10,55,60%
Y0176,Ethan Wilson,13,8,92,13%
Y0177,Sofia Garcia,13,9,94,63%
Y0178,Mason Gonzalez,16,3,79,11%
Y0179,Mia Rodriguez,13,4,99,51%
Y0180,Sofia Taylor,8,11,79,52%
Y0181,Liam Miller,16,8,89,96%
Y0182,James Anderson,8,6,67,70%
Y0183,Ava Martinez,15,10,57,3%
Y0184,Alexander Martin,11,5,69,70%
Y0185,Emma Moore,14,4,64,14%
Y0186,Harper Brown,18,5,81,91%
Y0187,Mason Taylor,12,9,80,60%
Y0188,Lucas Anderson,16,5,74,24%
Y0189,Layla Martin,16,5,54,35%
Y0190,Sebastian Wilson,13,11,67,0%
Y0191,Mason Martinez,17,12,92,62%
Y0192,Sofia Jones,15,11,80,44%
Y0193,Mia Moore,16,9,79,41%
Y0194,Sofia Miller,11,12,74,29%
Y0195,Sofia Wilson,8,8,97,60%
Y0196,Michael Gonzalez,14,5,81,4%
Y0197,Ava Taylor,17,8,56,56%
Y0198,Noah Taylor,15,3,96,18%
Y0199,Logan Jones,9,10,100,33%
Y0200,Mia Martin,14,4,71,86%
Y0201,Sofia Moore,14,8,90,91%
Y0202,Jack Thomas,16,3,89,8%
Y0203,Lucas Martinez,11,4,77,12%
Y0204,Sebastian Brown,15,5,94,38%
Y0205,Jack Smith,8,8,100,7%
Y0206,Mason Lopez,13,9,59,31%
Y0207,Evelyn Wilson,17,5,60,22%
Y0208,Olivia Martin,14,12,93,30%
Y0209,James Jackson,10,6,79,81%
Y0210,Isabella Anderson,12,3,79,36%
Y0211,Charlotte Moore,10,4,78,44%
Y0212,Abigail Martinez,18,9,94,32%
Y0213,Harper Martinez,11,9,80,13%
Y0214,Lucas Gonzalez,17,8,86,37%
Y0215,Michael Martinez,8,9,67,1%
Y0216,Abigail Johnson,17,10,68,99%
Y0217,Emily Davis,17,8,64,81%
Y0218,Sophia Martin,12,5,90,12%
Y0219,Jack Johnson,12,10,52,74%
Y0220,Ethan Jones,9,7,70,95%
Y0221,Logan Garcia,11,5,100,69%
Y0222,Jack Lopez,16,11,67,21%
Y0223,Isabella Thomas,12,8,57,59%
Y0224,Olivia Jones,11,9,85,46%
Y0225,Olivia Gonzalez,8,7,84,15%
Y0226,Harper Lopez,18,7,87,48%
Y0227,Henry Lopez,9,6,80,3%
Y0228,Jackson Moore,13,12,64,82%
Y0229,Olivia Anderson,12,9,57,17%
Y0230,Liam Johnson,12,10,57,12%
Y0231,Lucas Moore,10,9,79,47%
Y0232,Charlotte Moore,14,12,97,93%
Y0233,Ava Wilson,18,4,81,78%
Y0234,Logan Rodriguez,8,8,63,56%
Y0235,Harper Davis,13,4,93,47%
Y0236,Aiden Lopez,8,9,67,24%
Y0237,Noah Anderson,9,6,91,81%
Y0238,Jackson Smith,8,8,65,16%
Y0239,Emily Jackson,11,4,98,70%
Y0240,Sophia Jackson,11,6,71,99%
Y0241,Ava Martin,8,7,59,16%
Y0242,Aiden Rodriguez,10,4,92,3%
Y0243,Ava Smith,13,6,87,41%
Y0244,Emma Garcia,12,3,58,94%
Y0245,Logan Taylor,9,4,80,57%
Y0246,Sebastian Lopez,16,12,56,57%
Y0247,Evelyn Davis,17,3,96,100%
Y0248,Layla Taylor,12,10,91,3%
Y0249,Liam Thomas,14,9,93,13%
Y0250,James Anderson,9,4,70,77%
Y0251,Ava Williams,10,7,89,81%
Y0252,Abigail Moore,13,9,88,67%
Y0253,Mason Anderson,16,12,77,12%
Y0254,Emily Brown,18,11,96,27%
Y0255,Logan Anderson,11,9,71,58%
Y0256,Amelia Wilson,9,8,77,40%
Y0257,Charlotte Rodriguez,13,5,93,60%
Y0258,Olivia Williams,9,4,77,12%
Y0259,Daniel Lopez,10,11,53,75%
Y0260,Aiden Moore,13,4,76,45%
Y0261,Sofia Wilson,8,7,88,39%
Y0262,Ethan Brown,17,11,63,19%
Y0263,Charlotte Thomas,11,4,72,71%
Y0264,Ethan Brown,12,12,64,54%
Y0265,Sofia Moore,17,12,93,82%
Y0266,Aiden Smith,17,7,51,23%
Y0267,Isabella Martinez,13,8,50,23%
Y0268,Sofia Jones,17,9,54,18%
Y0269,Daniel Smith,9,11,63,48%
Y0270,Logan Anderson,13,5,73,39%
Y0271,Daniel Hernandez,17,12,55,6%
Y0272,Ava Garcia,17,3,93,10%
Y0273,Isabella Anderson,18,9,81,77%
Y0274,Harper Wilson,12,6,98,65%
Y0275,Noah Lopez,14,4,68,86%
Y0276,Charlotte Jackson,15,11,92,39%
Y0277,Liam Davis,14,12,53,0%
Y0278,Sophia Martinez,11,5,98,32%
Y0279,Mason Hernandez,9,3,81,95%
Y0280,Logan Garcia,10,9,84,90%
Y0281,Lucas Taylor,16,8,54,50%
Y0282,Sofia Johnson,14,3,79,9%
Y0283,Sofia Hernandez,17,9,86,51%
Y0284,Michael Wilson,12,4,75,2%
Y0285,Mia Garcia,17,10,94,46%
Y0286,Olivia Wilson,9,6,77,75%
Y0287,Amelia Taylor,9,9,69,95%
Y0288,Mia Davis,13,5,54,65%
Y0289,Alexander Brown,16,11,62,99%
Y0290,Ethan Lopez,18,5,65,13%
Y0291,Ava Rodriguez,11,5,88,19%
Y0292,Sebastian Williams,10,10,79,96%
Y0293,Abigail Jackson,15,12,91,81%
Y0294,Jackson Hernandez,18,8,59,56%
Y0295,Olivia Thomas,15,7,100,35%
Y0296,Abigail Johnson,13,11,54,39%
Y0297,Harper Anderson,8,3,73,36%
Y0298,Olivia Williams,17,12,82,49%
Y0299,Harper Jackson,16,3,78,73%
Y0300,Alexander Miller,13,12,80,64%
Y0301,Ava Johnson,15,4,71,91%
Y0302,Olivia Taylor,18,5,52,31%
Y0303,Michael Anderson,15,11,83,78%
Y0304,Elijah Lopez,13,7,74,52%
Y0305,Sebastian Hernandez,18,12,53,80%
Y0306,Alexander Hernandez,9,8,56,71%
Y0307,Charlotte Gonzalez,12,7,96,84%
Y0308,Layla Martin,10,8,55,74%
Y0309,Charlotte Jones,13,7,91,89%
Y0310,Charlotte Gonzalez,10,12,95,10%
Y0311,Mason Moore,14,8,58,85%
Y0312,Michael Taylor,9,9,82,46%
Y0313,Emma Lopez,12,5,63,43%
Y0314,Sebastian Thomas,11,6,58,19%
Y0315,Olivia Martinez,9,11,99,69%
Y0316,Henry Taylor,8,8,99,79%
Y0317,Ava Martin,14,5,60,23%
Y0318,Henry Martin,10,10,52,52%
Y0319,Ethan Davis,15,12,68,96%
Y0320,Daniel Anderson,11,11,65,39%
Y0321,Emily Thomas,11,8,93,73%
Y0322,Harper Anderson,12,9,82,67%
Y0323,Logan Garcia,11,12,58,32%
Y0324,Liam Thomas,13,11,56,91%
Y0325,Sofia Taylor,9,7,55,97%
Y0326,Elijah Rodriguez,15,11,59,55%
Y0327,Olivia Davis,15,8,51,53%
Y0328,Liam Gonzalez,16,8,65,49%
Y0329,Olivia Lopez,11,3,70,12%
Y0330,Henry Hernandez,10,5,52,36%
Y0331,Layla Thomas,10,10,78,78%
Y0332,Emma Williams,8,7,63,19%
Y0333,Aiden Martin,16,9,57,99%
Y0334,Mason Davis,12,4,53,30%
Y0335,Logan Martin,15,4,57,63%
Y0336,Jackson Moore,8,11,86,30%
Y0337,Michael Jones,12,9,50,78%
Y0338,Ethan Davis,17,9,61,85%
Y0339,Charlotte Williams,16,8,54,67%
Y0340,Aiden Taylor,16,11,51,49%
Y0341,Sofia Thomas,8,9,73,32%
Y0342,Daniel Smith,13,4,72,30%
Y0343,Daniel Brown,17,8,58,5%
Y0344,Ethan Moore,13,5,99,87%
Y0345,Harper Thomas,18,5,58,8%
Y0346,Michael Anderson,8,7,62,5%
Y0347,Emily Miller,8,8,69,65%
Y0348,Amelia Moore,15,7,52,96%
Y0349,Alexander Miller,12,8,99,6%
Y0350,Sofia Hernandez,12,4,73,55%
Y0351,Jack Gonzalez,15,9,71,23%
Y0352,James Thomas,13,11,67,10%
Y0353,Daniel Wilson,9,9,88,23%
Y0354,Aiden Martinez,13,4,55,41%
Y0355,Charlotte Martinez,12,10,88,91%
Y0356,Logan Garcia,15,8,78,5%
Y0357,Daniel Lopez,17,9,67,81%
Y0358,Emily Johnson,9,9,73,65%
Y0359,Emily Garcia,8,5,88,86%
Y0360,Emily Anderson,8,5,54,30%
Y0361,Sebastian Lopez,13,9,86,4%
Y0362,Jackson Jones,18,10,73,47%
Y0363,Harper Williams,17,5,83,46%
Y0364,Amelia Hernandez,18,7,65,14%
Y0365,Emma Garcia,15,11,74,71%
Y0366,Noah Rodriguez,12,10,63,78%
Y0367,Mason Thomas,11,4,58,9%
Y0368,Harper Garcia,15,4,93,40%
Y0369,Charlotte Lopez,9,11,84,37%
Y0370,Jack Martinez,10,5,100,46%
Y0371,Evelyn Davis,9,6,100,17%
Y0372,Lucas Thomas,8,8,85,73%
Y0373,Ethan Anderson,16,5,89,11%
Y0374,Olivia Martinez,14,10,83,52%
Y0375,Sebastian Wilson,17,4,58,40%
Y0376,Alexander Williams,15,10,93,66%
Y0377,Ethan Jones,16,12,61,98%
Y0378,Ava Wilson,16,3,57,66%
Y0379,Ava Martinez,10,5,70,90%
Y0380,Lucas Lopez,16,7,55,32%
Y0381,Sophia Moore,12,5,90,38%
Y0382,Jackson Moore,9,11,91,21%
Y0383,Abigail Jackson,10,5,92,79%
Y0384,Daniel Martin,13,12,52,3%
Y0385,Olivia Johnson,18,12,66,83%
Y0386,Sophia Jackson,14,12,90,3%
Y0387,James Moore,12,7,80,31%
Y0388,Emily Gonzalez,12,10,54,88%
Y0389,Liam Garcia,15,9,80,59%
Y0390,Sophia Hernandez,17,5,70,91%
Y0391,Mia Lopez,14,5,98,47%
Y0392,Evelyn Moore,9,8,65,59%
Y0393,Noah Rodriguez,15,6,59,12%
Y0394,Liam Martinez,14,12,76,31%
Y0395,Sofia Garcia,13,12,96,40%
Y0396,Sophia Garcia,15,11,79,63%
Y0397,Jack Martinez,15,3,55,50%
Y0398,Evelyn Anderson,11,6,87,45%
Y0399,Liam Johnson,12,10,88,83%
Y0400,Charlotte Thomas,12,11,50,13%
Y0401,Logan Jones,12,8,98,51%
Y0402,Ethan Johnson,14,3,86,71%
Y0403,Sophia Lopez,16,7,54,49%
Y0404,Evelyn Anderson,16,7,89,87%
Y0405,Jackson Brown,10,4,75,47%
Y0406,Emily Hernandez,16,8,98,18%
Y0407,Sophia Martin,16,9,82,5%
Y0408,Liam Johnson,10,8,80,66%
Y0409,Harper Jones,17,11,58,41%
Y0410,Layla Martin,13,5,75,78%
Y0411,Daniel Martinez,17,8,82,65%
Y0412,Aiden Thomas,17,7,80,2%
Y0413,Ethan Hernandez,18,4,76,74%
Y0414,Mason Smith,17,10,66,83%
Y0415,Emily Jackson,17,6,96,6%
Y0416,Abigail Thomas,10,11,90,92%
Y0417,Jackson Gonzalez,10,6,52,73%
Y0418,Michael Brown,11,3,78,40%
Y0419,Logan Jones,14,6,76,64%
Y0420,Sebastian Martin,15,3,95,17%
Y0421,Evelyn Miller,16,8,92,61%
Y0422,Evelyn Gonzalez,13,5,79,68%
Y0423,Mia Moore,13,7,89,61%
Y0424,Sophia Davis,12,11,69,28%
Y0425,Mason Martinez,11,10,70,61%
Y0426,Ethan Moore,12,7,57,73%
Y0427,Charlotte Moore,14,9,72,98%
Y0428,Emily Jones,12,3,68,91%
Y0429,Olivia Lopez,15,7,97,61%
Y0430,Sophia Miller,16,7,85,89%
Y0431,Isabella Jones,9,12,97,75%
Y0432,Lucas Davis,8,11,64,81%
Y0433,Lucas Johnson,9,9,71,91%
Y0434,James Brown,18,5,50,70%
Y0435,Layla Garcia,14,10,80,83%
Y0436,Sophia Martinez,13,7,91,7%
Y0437,Layla Williams,18,12,64,68%
Y0438,Daniel Johnson,10,9,61,4%
Y0439,Henry Gonzalez,15,5,97,37%
Y0440,Jack Johnson,8,7,86,77%
Y0441,Noah Hernandez,12,10,91,69%
Y0442,Evelyn Thomas,10,11,79,34%
Y0443,Sophia Brown,13,5,96,58%
Y0444,Alexander Rodriguez,10,3,97,43%
Y0445,Emily Martinez,17,6,61,78%
Y0446,Sofia Gonzalez,14,11,70,11%
Y0447,Amelia Brown,10,5,80,41%
Y0448,Layla Davis,8,7,74,30%
Y0449,Harper Rodriguez,13,7,87,92%
Y0450,Abigail Smith,12,8,94,30%
Y0451,Liam Brown,15,7,60,51%
Y0452,Charlotte Taylor,12,4,90,37%
Y0453,Ethan Martin,11,6,58,61%
Y0454,Ava Anderson,17,8,76,89%
Y0455,Aiden Thomas,16,6,98,31%
Y0456,Charlotte Martin,9,11,78,67%
Y0457,Michael Lopez,9,12,57,7%
Y0458,Henry Moore,16,6,86,68%
Y0459,Ava Garcia,13,11,78,14%
Y0460,Charlotte Miller,17,10,55,65%
Y0461,Harper Johnson,15,5,82,53%
Y0462,Harper Jackson,8,11,79,86%
Y0463,Emily Martinez,8,9,66,0%
Y0464,Daniel Miller,17,4,52,54%
Y0465,Ethan Williams,16,3,54,60%
Y0466,Liam Martinez,14,5,99,17%
Y0467,Sebastian Wilson,13,9,78,48%
Y0468,Amelia Williams,18,11,58,83%
Y0469,Sofia Lopez,9,5,84,50%
Y0470,Evelyn Jones,11,3,98,2%
Y0471,Mason Anderson,18,11,77,68%
Y0472,Amelia Davis,11,10,72,19%
Y0473,Isabella Miller,9,3,92,53%
Y0474,Jackson Smith,11,6,54,12%
Y0475,Jackson Johnson,15,12,93,90%
Y0476,Sofia Johnson,11,3,75,56%
Y0477,Lucas Moore,11,3,58,64%
Y0478,Mason Davis,17,8,86,76%
Y0479,Sebastian Hernandez,11,7,59,84%
Y0480,Evelyn Davis,14,7,67,7%
Y0481,Aiden Jackson,10,9,85,63%
Y0482,Liam Lopez,18,9,100,67%
Y0483,Mia Wilson,14,5,69,48%
Y0484,Elijah Moore,15,6,64,38%
Y0485,Sofia Jones,15,3,85,52%
Y0486,Logan Moore,16,5,74,31%
Y0487,Isabella Miller,13,4,78,47%
Y0488,Olivia Moore,11,3,67,48%
Y0489,Charlotte Martin,17,3,54,24%
Y0490,Emily Jackson,18,11,63,61%
Y0491,Sophia Hernandez,12,3,63,24%
Y0492,Daniel Brown,15,6,94,77%
Y0493,Michael Miller,14,6,85,41%
Y0494,Sebastian Martinez,14,10,84,83%
Y0495,Ethan Martinez,12,8,82,63%
Y0496,Harper Brown,15,8,63,47%
Y0497,Mia Wilson,8,12,64,94%
Y0498,Ava Smith,12,11,87,74%
Y0499,Daniel Wilson,12,5,62,42%
Y0500,Lucas Gonzalez,17,6,81,70%
Y0501,Alexander Hernandez,12,10,96,82%
Y0502,Daniel Thomas,15,5,96,45%
Y0503,Elijah Jones,16,10,61,69%
Y0504,Alexander Johnson,16,3,54,85%
Y0505,Liam Smith,14,5,90,29%
Y0506,Olivia Jones,8,6,82,58%
Y0507,Ethan Johnson,17,12,80,84%
Y0508,James Smith,8,11,85,52%
Y0509,Emma Smith,16,7,84,36%
Y0510,Emma Taylor,18,9,61,13%
Y0511,Layla Brown,16,5,65,24%
Y0512,Jackson Taylor,12,8,67,50%
Y0513,Olivia Lopez,14,10,86,31%
Y0514,Michael Davis,12,4,91,83%
Y0515,Sebastian Johnson,9,9,74,48%
Y0516,Aiden Thomas,8,3,94,21%
Y0517,Olivia Thomas,14,8,86,12%
Y0518,Jack Taylor,8,6,63,88%
Y0519,Jack Jackson,15,7,52,9%
Y0520,Charlotte Rodriguez,16,12,92,4%
Y0521,Elijah Hernandez,8,6,87,18%
Y0522,Sebastian Gonzalez,9,7,60,72%
Y0523,Lucas Jackson,14,11,71,49%
Y0524,Sebastian Jones,9,11,97,44%
Y0525,Liam Brown,14,6,54,43%
Y0526,Jackson Martin,17,9,99,41%
Y0527,Emma Rodriguez,15,10,64,45%
Y0528,Aiden Gonzalez,14,5,93,74%
Y0529,Charlotte Gonzalez,9,12,68,31%
Y0530,Michael Williams,9,7,59,48%
Y0531,Michael Jones,14,8,73,13%
Y0532,Olivia Smith,12,10,73,97%
Y0533,Isabella Brown,10,4,61,55%
Y0534,Harper Moore,16,11,76,13%
Y0535,Emma Williams,13,11,55,76%
Y0536,Jackson Hernandez,14,3,68,52%
Y0537,Amelia Williams,16,6,86,66%
Y0538,Elijah Gonzalez,10,5,67,38%
Y0539,Isabella Thomas,10,4,60,55%
Y0540,Isabella Wilson,12,10,100,9%
Y0541,Ethan Rodriguez,11,10,88,78%
Y0542,Sophia Anderson,9,5,69,0%
Y0543,Amelia Hernandez,17,9,71,56%
Y0544,Mia Wilson,18,12,58,38%
Y0545,Mia Martin,11,10,70,22%
Y0546,Amelia Hernandez,12,10,86,100%
Y0547,Lucas Hernandez,14,7,100,50%
Y0548,Ethan Brown,17,6,87,69%
Y0549,Elijah Moore,8,10,95,26%
Y0550,Harper Martinez,9,9,93,63%
Y0551,Ava Martinez,11,7,92,19%
Y0552,Michael Wilson,14,4,78,76%
Y0553,James Jackson,14,11,82,88%
Y0554,Logan Moore,8,8,94,68%
Y0555,Jackson Williams,9,6,92,85%
Y0556,Ethan Garcia,18,12,52,72%
Y0557,Alexander Gonzalez,13,9,56,1%
Y0558,Noah Rodriguez,11,11,97,66%
Y0559,Aiden Jackson,17,6,78,47%
Y0560,Amelia Anderson,18,12,94,64%
Y0561,Ava Lopez,8,10,56,37%
Y0562,Logan Williams,9,5,72,39%
Y0563,Mia Anderson,11,11,80,44%
Y0564,James Brown,15,10,70,8%
Y0565,Mason Johnson,9,3,71,82%
Y0566,Noah Garcia,11,11,61,70%
Y0567,Elijah Hernandez,16,9,79,29%
Y0568,Emily Gonzalez,18,5,61,81%
Y0569,Charlotte Wilson,14,3,97,78%
Y0570,Jack Miller,15,12,77,49%
Y0571,Emma Miller,11,7,98,90%
Y0572,Emily Williams,17,4,84,23%
Y0573,Ethan Hernandez,11,10,57,33%
Y0574,Charlotte Thomas,16,8,88,49%
Y0575,Jackson Gonzalez,17,4,72,45%
Y0576,Sofia Anderson,17,5,93,90%
Y0577,Emily Martinez,17,12,55,86%
Y0578,Ava Hernandez,9,6,69,14%
Y0579,Elijah Lopez,10,11,74,53%
Y0580,Jackson Jones,17,9,77,23%
Y0581,James Moore,18,5,85,21%
Y0582,James Martinez,10,5,70,57%
Y0583,Jackson Johnson,13,3,81,17%
Y0584,Sophia Gonzalez,16,11,91,63%
Y0585,Logan Thomas,14,10,81,21%
Y0586,Olivia Jackson,8,6,68,4%
Y0587,Isabella Davis,16,7,60,99%
Y0588,Harper Jackson,15,11,82,14%
Y0589,Abigail Brown,12,11,73,69%
Y0590,Henry Johnson,15,11,63,54%
Y0591,Noah Davis,12,3,78,33%
Y0592,Ethan Williams,15,4,99,30%
Y0593,Sophia Jackson,13,12,90,54%
Y0594,Elijah Martin,10,6,63,7%
Y0595,Abigail Lopez,16,7,88,68%
Y0596,Elijah Hernandez,12,7,86,34%
Y0597,Sofia Taylor,18,4,58,96%
Y0598,Emily Wilson,8,7,91,16%
Y0599,Michael Jones,11,5,95,41%
Y0600,Henry Davis,18,9,81,18%
Y0601,Abigail Rodriguez,18,9,74,57%
Y0602,Olivia Williams,14,11,97,35%
Y0603,Michael Lopez,15,10,70,74%
Y0604,Emma Williams,15,8,54,68%
Y0605,Amelia Miller,14,6,81,34%
Y0606,Mia Martinez,13,11,86,16%
Y0607,Abigail Thomas,13,3,52,12%
Y0608,Alexander Anderson,8,4,60,56%
Y0609,Harper Smith,14,6,94,16%
Y0610,Jack Martinez,10,7,55,83%
Y0611,Ethan Rodriguez,9,8,92,83%
Y0612,Elijah Johnson,14,7,96,89%
Y0613,Sebastian Davis,14,4,95,12%
Y0614,Emma Miller,15,4,58,75%
Y0615,Lucas Taylor,18,10,50,1%
Y0616,Michael Hernandez,9,9,94,16%
Y0617,James Williams,11,9,55,93%
Y0618,Emily Brown,9,8,73,38%
Y0619,Ava Gonzalez,10,5,54,67%
Y0620,Abigail Smith,17,5,78,44%
Y0621,Daniel Miller,18,5,76,78%
Y0622,Charlotte Anderson,11,4,56,17%
Y0623,Sebastian Brown,17,9,72,54%
Y0624,Mia Jones,11,7,91,10%
Y0625,Lucas Moore,17,12,96,77%
Y0626,Mason Smith,18,7,63,66%
Y0627,Jackson Taylor,11,9,68,82%
Y0628,Liam Davis,15,9,57,30%
Y0629,James Martin,9,11,50,46%
Y0630,Layla Hernandez,10,9,86,53%
Y0631,Ethan Moore,18,5,98,60%
Y0632,Sebastian Williams,8,12,54,1%
Y0633,Isabella Miller,8,3,100,50%
Y0634,Evelyn Martinez,18,11,99,53%
Y0635,Logan Gonzalez,9,11,84,78%
Y0636,Ava Rodriguez,9,7,55,65%
Y0637,Layla Miller,10,11,70,50%
Y0638,Abigail Williams,12,9,96,30%
Y0639,Liam Davis,9,9,57,58%
Y0640,Jackson Martin,8,7,92,94%
Y0641,Charlotte Garcia,9,3,95,17%
Y0642,Michael Smith,10,10,72,66%
Y0643,Evelyn Rodriguez,10,8,58,95%
Y0644,Sebastian Rodriguez,9,3,71,54%
Y0645,Isabella Taylor,9,7,95,73%
Y0646,Alexander Williams,15,10,82,46%
Y0647,Liam Thomas,17,5,73,20%
Y0648,Isabella Brown,17,4,64,94%
Y0649,Evelyn Smith,8,3,65,5%
Y0650,James Lopez,14,5,61,4%
Y0651,Aiden Wilson,11,8,65,53%
Y0652,Layla Hernandez,12,4,86,47%
Y0653,Noah Taylor,18,3,61,28%
Y0654,Emily Taylor,8,9,54,59%
Y0655,Sofia Martinez,12,8,55,70%
Y0656,Harper Smith,13,6,68,72%
Y0657,Emily Martinez,17,6,79,47%
Y0658,Abigail Thomas,11,11,98,31%
Y0659,Ava Smith,14,3,64,69%
Y0660,Ethan Smith,13,3,98,84%
Y0661,Amelia Martinez,9,6,83,30%
Y0662,Logan Thomas,8,5,95,35%
Y0663,Olivia Johnson,11,11,76,89%
Y0664,Jack Lopez,15,4,87,12%
Y0665,Evelyn Jones,18,9,54,75%
Y0666,Abigail Johnson,14,5,65,37%
Y0667,Isabella Hernandez,14,8,70,57%
Y0668,Isabella Davis,9,6,58,99%
Y0669,Sebastian Jackson,9,5,56,21%
Y0670,Harper Anderson,13,9,57,68%
Y0671,Ethan Miller,15,7,79,33%
Y0672,Sofia Brown,9,5,93,38%
Y0673,Henry Martin,8,6,70,18%
Y0674,Olivia Davis,13,9,82,6%
Y0675,Charlotte Martinez,12,5,51,51%
Y0676,Sofia Anderson,16,11,65,12%
Y0677,Harper Brown,10,4,50,7%
Y0678,Henry Davis,10,6,75,47%
Y0679,Charlotte Williams,17,12,66,9%
Y0680,Emma Williams,11,10,58,11%
Y0681,Jack Hernandez,9,3,79,6%
Y0682,Elijah Jackson,14,9,81,3%
Y0683,Amelia Wilson,10,8,63,23%
Y0684,Isabella Rodriguez,15,5,52,78%
Y0685,Jackson Martin,11,7,81,52%
Y0686,Jack Moore,15,3,55,35%
Y0687,Amelia Jones,14,6,91,67%
Y0688,Lucas Moore,8,9,100,91%
Y0689,Ethan Thomas,16,10,72,72%
Y0690,Evelyn Hernandez,14,7,61,3%
Y0691,Mia Martin,11,3,99,35%
Y0692,Liam Thomas,16,8,99,74%
Y0693,Lucas Garcia,9,6,92,30%
Y0694,Isabella Moore,8,6,86,49%
Y0695,Ethan Garcia,10,6,87,40%
Y0696,Emily Lopez,17,3,95,89%
Y0697,Ethan Jackson,17,5,86,24%
Y0698,Henry Thomas,16,7,61,62%
Y0699,Liam Williams,8,6,88,28%
Y0700,Emma Taylor,15,3,71,78%
Y0701,Sophia Jones,13,5,70,7%
Y0702,Emma Jones,17,5,99,14%
Y0703,Sofia Taylor,13,4,73,90%
Y0704,Charlotte Gonzalez,17,4,71,38%
Y0705,Mia Jones,10,9,100,81%
Y0706,James Hernandez,10,11,94,78%
Y0707,Emily Lopez,11,12,61,48%
Y0708,Mason Martinez,10,5,96,0%
Y0709,Michael Jackson,14,12,52,23%
Y0710,Jackson Hernandez,17,6,90,72%
Y0711,Noah Thomas,10,8,97,9%
Y0712,Lucas Lopez,13,5,90,11%
Y0713,Henry Hernandez,15,3,66,26%
Y0714,Lucas Williams,13,7,100,13%
Y0715,Daniel Smith,8,9,78,93%
Y0716,Logan Garcia,14,10,74,44%
Y0717,Aiden Gonzalez,9,10,100,73%
Y0718,Alexander Davis,10,10,54,4%
Y0719,Mason Smith,13,7,56,9%
Y0720,Mia Garcia,14,5,96,9%
Y0721,Aiden Williams,13,12,89,61%
Y0722,Michael Smith,14,5,88,55%
Y0723,Elijah Johnson,9,8,63,24%
Y0724,Logan Moore,16,7,92,36%
Y0725,Mason Davis,9,3,75,73%
Y0726,Aiden Thomas,10,3,73,0%
Y0727,Logan Williams,12,12,80,25%
Y0728,Noah Smith,11,5,90,37%
Y0729,Olivia Thomas,9,7,100,50%
Y0730,James Thomas,18,7,55,82%
Y0731,Aiden Gonzalez,10,8,74,47%
Y0732,Elijah Anderson,8,7,78,59%
Y0733,Isabella Davis,12,12,53,19%
Y0734,Sebastian Brown,9,8,84,52%
Y0735,Sebastian Jackson,11,11,53,49%
Y0736,Henry Taylor,14,11,93,60%
Y0737,Abigail Davis,15,7,55,50%
Y0738,Jack Johnson,16,12,83,73%
Y0739,Charlotte Martin,10,4,98,57%
Y0740,Elijah Garcia,11,6,58,5%
Y0741,Logan Williams,18,9,62,80%
Y0742,Ava Martin,12,8,96,8%
Y0743,Olivia Gonzalez,16,9,85,41%
Y0744,Sofia Rodriguez,16,10,50,100%
Y0745,Michael Martin,17,11,100,53%
Y0746,Noah Wilson,10,5,86,75%
Y0747,Abigail Brown,9,12,99,12%
Y0748,Emily Martinez,16,8,76,33%
Y0749,Amelia Thomas,17,12,80,4%
Y0750,Elijah Rodriguez,14,5,89,77%
Y0751,Charlotte Gonzalez,8,9,71,88%
Y0752,Lucas Johnson,15,7,73,2%
Y0753,Mia Martinez,12,7,81,89%
Y0754,Charlotte Brown,11,5,69,95%
Y0755,Harper Hernandez,12,9,88,82%
Y0756,Olivia Miller,15,6,76,94%
Y0757,James Taylor,13,3,82,20%
Y0758,Olivia Martinez,16,9,58,99%
Y0759,Sofia Taylor,17,3,61,24%
Y0760,Jack Miller,8,6,52,58%
Y0761,Liam Lopez,11,7,73,59%
Y0762,Evelyn Gonzalez,18,4,93,3%
Y0763,Lucas Lopez,15,12,78,22%
Y0764,Sofia Thomas,17,11,72,44%
Y0765,Elijah Rodriguez,9,7,51,49%
Y0766,Liam Garcia,17,6,64,82%
Y0767,Lucas Miller,12,9,82,2%
Y0768,Sofia Smith,15,5,91,22%
Y0769,Jackson Smith,11,7,88,39%
Y0770,Michael Rodriguez,14,9,72,58%
Y0771,Isabella Miller,15,7,93,66%
Y0772,Henry Martin,14,12,56,0%
Y0773,Evelyn Lopez,16,12,88,36%
Y0774,Mason Brown,15,4,71,35%
Y0775,Alexander Hernandez,12,7,91,91%
Y0776,Jack Martinez,11,5,83,97%
Y0777,Lucas Johnson,17,9,92,40%
Y0778,Charlotte Jones,8,10,68,33%
Y0779,Layla Wilson,14,9,97,4%
Y0780,Abigail Jackson,11,8,96,91%
Y0781,Lucas Moore,18,10,92,45%
Y0782,Evelyn Martinez,10,11,61,37%
Y0783,Noah Thomas,10,7,96,71%
Y0784,Sebastian Garcia,18,8,91,11%
Y0785,Lucas Lopez,11,7,76,100%
Y0786,Jack Hernandez,13,7,87,37%
Y0787,Harper Brown,15,3,90,74%
Y0788,Abigail Martin,9,10,62,64%
Y0789,Noah Gonzalez,16,7,76,6%
Y0790,Sofia Jones,10,6,71,52%
Y0791,Abigail Anderson,10,8,95,23%
Y0792,Sebastian Williams,15,8,90,22%
Y0793,Mia Johnson,8,10,67,26%
Y0794,Sebastian Garcia,17,5,81,100%
Y0795,Sebastian Williams,10,12,77,81%
Y0796,Logan Gonzalez,14,10,74,0%
Y0797,Liam Moore,11,8,50,41%
Y0798,Sebastian Taylor,11,3,93,0%
Y0799,Alexander Davis,11,8,69,16%
Y0800,Noah Gonzalez,16,12,69,21%
Y0801,Olivia Johnson,12,7,79,93%
Y0802,Evelyn Martin,16,8,77,87%
Y0803,Ava Hernandez,15,8,98,24%
Y0804,Elijah Gonzalez,8,6,64,93%
Y0805,Ava Miller,8,12,82,21%
Y0806,Noah Lopez,18,3,74,81%
Y0807,Isabella Moore,17,3,88,6%
Y0808,Charlotte Brown,18,3,53,88%
Y0809,Noah Wilson,15,9,57,70%
Y0810,Isabella Thomas,10,6,94,87%
Y0811,Alexander Smith,12,9,92,12%
Y0812,Charlotte Taylor,12,12,88,89%
Y0813,Ava Wilson,9,11,96,79%
Y0814,Noah Martinez,9,4,81,25%
Y0815,Jackson Miller,12,11,62,45%
Y0816,Michael Wilson,12,5,52,70%
Y0817,James Miller,15,8,65,0%
Y0818,Emma Williams,9,12,92,63%
Y0819,Ava Williams,16,4,96,92%
Y0820,Noah Rodriguez,18,6,79,37%
Y0821,Isabella Anderson,8,4,61,5%
Y0822,Sofia Martinez,13,8,77,94%
Y0823,Noah Brown,8,3,58,84%
Y0824,Alexander Garcia,13,8,78,79%
Y0825,Isabella Williams,13,8,61,14%
Y0826,Amelia Gonzalez,15,7,74,88%
Y0827,Sofia Thomas,14,5,57,16%
Y0828,Michael Johnson,10,4,76,75%
Y0829,James Jackson,18,10,61,78%
Y0830,Amelia Lopez,17,3,93,93%
Y0831,Jack Jones,15,10,57,52%
Y0832,Harper Johnson,9,7,91,40%
Y0833,Emma Taylor,17,12,64,85%
Y0834,Sofia Hernandez,16,11,94,89%
Y0835,Jackson Brown,14,6,80,44%
Y0836,Charlotte Gonzalez,10,11,89,6%
Y0837,Emma Garcia,16,10,81,21%
Y0838,Olivia Thomas,13,6,71,35%
Y0839,Liam Taylor,11,11,91,48%
Y0840,Amelia Davis,9,10,78,73%
Y0841,Harper Williams,15,10,70,15%
Y0842,James Smith,9,9,76,4%
Y0843,Aiden Moore,8,4,100,77%
Y0844,Jackson Martinez,16,11,63,83%
Y0845,Charlotte Anderson,13,8,53,28%
Y0846,Sofia Anderson,13,11,99,79%
Y0847,Jackson Thomas,18,8,95,57%
Y0848,Noah Brown,18,6,50,43%
Y0849,Ethan Martinez,16,11,73,89%
Y0850,Noah Johnson,10,10,58,91%
Y0851,Daniel Wilson,9,7,89,25%
Y0852,Sophia Brown,14,6,79,100%
Y0853,Sophia Hernandez,9,9,52,81%
Y0854,Henry Jackson,9,10,79,84%
Y0855,Abigail Taylor,10,10,50,67%
Y0856,Daniel Johnson,16,9,87,61%
Y0857,Layla Taylor,10,12,61,93%
Y0858,Henry Jones,9,9,92,76%
Y0859,Jackson Hernandez,16,9,76,77%
Y0860,Layla Davis,12,9,71,37%
Y0861,Harper Jones,10,9,88,89%
Y0862,Jack Taylor,12,11,70,91%
Y0863,Daniel Moore,18,6,62,26%
Y0864,Jackson Martinez,18,8,93,16%
Y0865,Michael Garcia,16,11,94,81%
Y0866,Mia Brown,13,11,80,74%
Y0867,Abigail Wilson,18,11,68,54%
Y0868,Emily Smith,16,4,51,48%
Y0869,Ava Johnson,18,3,62,34%
Y0870,Sebastian Garcia,12,7,59,7%
Y0871,Michael Martinez,11,11,52,45%
Y0872,Henry Anderson,9,12,93,94%
Y0873,Aiden Davis,18,11,74,30%
Y0874,Evelyn Martinez,18,3,74,49%
Y0875,Logan Hernandez,16,3,50,95%
Y0876,Isabella Miller,17,10,64,81%
Y0877,Michael Lopez,17,11,97,77%
Y0878,Sophia Miller,12,10,61,87%
Y0879,Olivia Garcia,10,11,57,48%
Y0880,Liam Wilson,12,11,66,16%
Y0881,Elijah Jackson,12,3,71,59%
Y0882,Michael Jones,8,5,70,76%
Y0883,Liam Martin,18,7,81,73%
Y0884,Aiden Lopez,9,8,83,28%
Y0885,Elijah Taylor,9,11,60,53%
Y0886,Aiden Moore,14,4,72,28%
Y0887,Jack Miller,18,8,71,46%
Y0888,Mason Miller,17,11,80,71%
Y0889,Henry Smith,9,8,78,30%
Y0890,Jack Martin,17,6,52,87%
Y0891,Jack Hernandez,14,4,74,32%
Y0892,Aiden Martinez,8,11,99,47%
Y0893,Evelyn Taylor,15,10,52,37%
Y0894,Jack Miller,13,11,55,12%
Y0895,Elijah Moore,16,3,90,8%
Y0896,Sophia Miller,18,9,56,26%
Y0897,Aiden Wilson,18,4,97,87%
Y0898,Ava Smith,15,8,52,11%
Y0899,Olivia Johnson,10,7,85,9%
Y0900,Abigail Davis,12,9,74,57%
Y0901,Alexander Gonzalez,14,8,51,49%
Y0902,Charlotte Brown,16,3,91,92%
Y0903,Jackson Williams,17,3,94,9%
Y0904,Ethan Taylor,9,7,100,87%
Y0905,Mason Martin,9,7,98,56%
Y0906,Amelia Gonzalez,18,3,80,20%
Y0907,Aiden Davis,10,9,100,69%
Y0908,Mason Jones,12,8,50,70%
Y0909,Sofia Moore,10,4,52,0%
Y0910,Abigail Martin,14,11,85,10%
Y0911,Mason Miller,13,6,76,82%
Y0912,Sofia Taylor,10,5,61,28%
Y0913,Jackson Rodriguez,11,4,61,85%
Y0914,Emily Jackson,8,11,79,82%
Y0915,Aiden Williams,12,4,66,12%
Y0916,Sophia Jackson,15,8,72,16%
Y0917,Charlotte Davis,9,7,89,8%
Y0918,Jack Miller,13,10,78,42%
Y0919,Jackson Martinez,17,5,86,72%
Y0920,Ethan Hernandez,14,5,50,40%
Y0921,Lucas Davis,18,9,67,46%
Y0922,Ava Hernandez,15,10,78,45%
Y0923,Sebastian Martinez,15,11,56,22%
Y0924,Alexander Martin,9,7,58,68%
Y0925,Sophia Rodriguez,18,4,96,9%
Y0926,Jack Smith,16,3,87,74%
Y0927,Amelia Jackson,11,3,85,33%
Y0928,Aiden Moore,15,5,73,50%
Y0929,Lucas Jackson,12,5,79,64%
Y0930,Evelyn Williams,14,8,82,1%
Y0931,Charlotte Davis,17,5,98,65%
Y0932,Ava Anderson,10,5,86,72%
Y0933,Charlotte Jones,15,8,52,28%
Y0934,Sebastian Thomas,11,4,66,47%
Y0935,Lucas Johnson,18,6,83,46%
Y0936,Amelia Thomas,15,3,52,83%
Y0937,Mia Brown,16,7,97,33%
Y0938,Abigail Moore,17,5,74,83%
Y0939,Amelia Lopez,17,4,83,32%
Y0940,Amelia Davis,16,9,72,44%
Y0941,James Thomas,17,3,82,17%
Y0942,Harper Garcia,11,4,82,82%
Y0943,Isabella Miller,10,5,60,46%
Y0944,Jackson Brown,18,6,76,42%
Y0945,Daniel Brown,15,10,80,26%
Y0946,Abigail Garcia,18,9,51,31%
Y0947,Liam Jones,17,12,60,17%
Y0948,Alexander Taylor,8,12,59,7%
Y0949,Elijah Rodriguez,10,11,75,76%
Y0950,Abigail Smith,18,7,55,27%
Y0951,Harper Martin,15,10,60,28%
Y0952,Henry Wilson,17,5,100,74%
Y0953,Henry Garcia,17,11,66,21%
Y0954,Daniel Hernandez,15,12,87,8%
Y0955,Lucas Gonzalez,14,5,56,2%
Y0956,Sophia Taylor,16,9,59,77%
Y0957,Noah Garcia,15,12,88,4%
Y0958,Jack Moore,16,4,55,61%
Y0959,Charlotte Jones,17,11,50,99%
Y0960,Charlotte Wilson,16,9,73,5%
Y0961,Michael Taylor,14,6,80,98%
Y0962,Amelia Lopez,17,12,56,54%
Y0963,Ava Rodriguez,15,6,55,36%
Y0964,Jackson Moore,14,7,62,0%
Y0965,Michael Smith,17,11,57,66%
Y0966,Emma Gonzalez,18,6,94,40%
Y0967,Logan Lopez,9,5,77,83%
Y0968,Abigail Rodriguez,12,11,77,72%
Y0969,Ethan Martin,12,9,98,26%
Y0970,Logan Moore,16,10,61,47%
Y0971,Aiden Moore,15,7,69,73%
Y0972,Ethan Gonzalez,10,4,97,29%
Y0973,Harper Garcia,9,6,82,51%
Y0974,Emily Hernandez,16,12,94,87%
Y0975,Michael Johnson,10,9,90,0%
Y0976,Emily Williams,10,10,88,55%
Y0977,Olivia Williams,12,6,73,10%
Y0978,Jackson Johnson,14,9,89,83%
Y0979,Evelyn Martinez,17,3,99,22%
Y0980,Alexander Thomas,15,3,62,84%
Y0981,Layla Taylor,12,6,52,100%
Y0982,Jackson Taylor,16,6,89,21%
Y0983,Charlotte Johnson,13,6,91,0%
Y0984,Elijah Williams,12,9,72,85%
Y0985,Amelia Gonzalez,17,6,83,1%
Y0986,Daniel Williams,9,11,68,92%
Y0987,Henry Moore,17,8,72,35%
Y0988,Lucas Martin,11,10,75,73%
Y0989,Emma Rodriguez,10,9,82,13%
Y0990,Aiden Williams,16,7,71,14%
Y0991,Emily Taylor,12,11,100,73%
Y0992,Isabella Anderson,14,12,80,98%
Y0993,Lucas Hernandez,15,10,87,3%
Y0994,James Brown,12,4,74,81%
Y0995,Emily Davis,18,6,70,52%
Y0996,Ethan Taylor,16,3,94,33%
Y0997,Lucas Martinez,9,9,93,95%
Y0998,Henry Hernandez,9,11,61,60%
Y0999,Mia Lopez,11,12,67,23%
Y1000,Daniel Miller,15,6,65,94%
